yr,fit,lower,higher,tau,region,parameter
2008,28.7368164879459,28.1346997973847,29.338933178507,0.25,GCC,age
2009,29.7225644535706,29.3128413353097,30.1322875718315,0.25,GCC,age
2010,30.652977412731,30.3562136734259,30.9497411520361,0.25,GCC,age
2011,31.528055365427,31.2577553250761,31.7983554057779,0.25,GCC,age
2012,32.3477983116586,32.0552840072365,32.6403126160807,0.25,GCC,age
2013,33.1122062514259,32.7942935529543,33.4301189498975,0.25,GCC,age
2014,33.8212791847288,33.4928788143351,34.1496795551225,0.25,GCC,age
2015,34.4750171115674,34.1479796233618,34.802054599773,0.25,GCC,age
2016,35.0734200319415,34.7384223908111,35.408417673072,0.25,GCC,age
2017,35.6164879458514,35.2288384357423,36.0041374559605,0.25,GCC,age
2018,36.1042208532968,35.5938325969629,36.6146091096307,0.25,GCC,age
2019,36.5366187542779,35.8330046273696,37.2402328811862,0.25,GCC,age
2020,36.9136816487946,35.9550574661014,37.8723058314877,0.25,GCC,age
2008,33.4674880219028,32.859042392166,34.0759336516396,0.5,GCC,age
2009,34.5067927737332,34.0895992055061,34.9239863419603,0.5,GCC,age
2010,35.4743326488706,35.16197925091,35.7866860468311,0.5,GCC,age
2011,36.370107647315,36.0731413013364,36.6670739932935,0.5,GCC,age
2012,37.1941177690664,36.8677886526241,37.5204468855087,0.5,GCC,age
2013,37.9463630141247,37.5911679628895,38.30155806536,0.5,GCC,age
2014,38.6268433824901,38.2607449620466,38.9929418029337,0.5,GCC,age
2015,39.2355588741625,38.8749600147434,39.5961577335816,0.5,GCC,age
2016,39.7725094891419,39.4157911881913,40.1292277900924,0.5,GCC,age
2017,40.2376952274282,39.8479799959291,40.6274104589274,0.5,GCC,age
2018,40.6311160890216,40.1379133139981,41.1243188640451,0.5,GCC,age
2019,40.952772073922,40.2791140757212,41.6264300721228,0.5,GCC,age
2020,41.2026631821293,40.2811659533411,42.1241604109175,0.5,GCC,age
2008,38.2067077344285,37.4959085295478,38.9175069393092,0.75,GCC,age
2009,39.1327650218821,38.6528131426524,39.6127169011118,0.75,GCC,age
2010,40.0212556779292,39.6645914951028,40.3779198607556,0.75,GCC,age
2011,40.8721797025699,40.5284776267412,41.2158817783986,0.75,GCC,age
2012,41.6855370958041,41.3035220665639,42.0675521250442,0.75,GCC,age
2013,42.4613278576318,42.044283358294,42.8783723569696,0.75,GCC,age
2014,43.1995519880531,42.7683976936342,43.6307062824719,0.75,GCC,age
2015,43.9002094870678,43.4687960380199,44.3316229361158,0.75,GCC,age
2016,44.5633003546762,44.1168001726819,45.0098005366704,0.75,GCC,age
2017,45.188824590878,44.6683617307298,45.7092874510262,0.75,GCC,age
2018,45.7767821956734,45.0938360444998,46.459728346847,0.75,GCC,age
2019,46.3271731690623,45.3932611444128,47.2610851937118,0.75,GCC,age
2020,46.8399975110447,45.5770939976092,48.1029010244803,0.75,GCC,age
2008,25.614549721326,24.6421272483983,26.5869721942536,0.25,Lothian_and_Tayside,age
2009,26.4613278576318,25.8427947065674,27.0798610086963,0.25,Lothian_and_Tayside,age
2010,27.2902447768978,26.8587293088272,27.7217602449684,0.25,Lothian_and_Tayside,age
2011,28.1013004791239,27.6751260373687,28.5274749208792,0.25,Lothian_and_Tayside,age
2012,28.8944949643102,28.4026812671437,29.3863086614767,0.25,Lothian_and_Tayside,age
2013,29.6698282324566,29.1332630654761,30.2063933994371,0.25,Lothian_and_Tayside,age
2014,30.4273002835631,29.8901731329023,30.964427434224,0.25,Lothian_and_Tayside,age
2015,31.1669111176298,30.6566214468741,31.6772007883856,0.25,Lothian_and_Tayside,age
2016,31.8886607346566,31.3708143713398,32.4065070979735,0.25,Lothian_and_Tayside,age
2017,32.5925491346436,31.9411703050759,33.2439279642114,0.25,Lothian_and_Tayside,age
2018,33.2785763175907,32.3356271581065,34.2215254770749,0.25,Lothian_and_Tayside,age
2019,33.946742283498,32.5788979259954,35.3145866410006,0.25,Lothian_and_Tayside,age
2020,34.5970470323654,32.6928477722546,36.5012462924761,0.25,Lothian_and_Tayside,age
2008,29.9247091033539,28.7901555207879,31.0592626859198,0.5,Lothian_and_Tayside,age
2009,30.7898699520876,30.0310022674557,31.5487376367195,0.5,Lothian_and_Tayside,age
2010,31.6413415468857,31.1150116267913,32.1676714669801,0.5,Lothian_and_Tayside,age
2011,32.4791238877482,32.0207014267966,32.9375463486998,0.5,Lothian_and_Tayside,age
2012,33.3032169746749,32.8131666757075,33.7932672736424,0.5,Lothian_and_Tayside,age
2013,34.113620807666,33.5870490497573,34.6401925655748,0.5,Lothian_and_Tayside,age
2014,34.9103353867215,34.3838642176632,35.4368065557798,0.5,Lothian_and_Tayside,age
2015,35.6933607118413,35.202604485778,36.1841169379045,0.5,Lothian_and_Tayside,age
2016,36.4626967830254,35.9993693761211,36.9260241899297,0.5,Lothian_and_Tayside,age
2017,37.2183436002738,36.6794337482358,37.7572534523118,0.5,Lothian_and_Tayside,age
2018,37.9603011635866,37.1823349853958,38.7382673417774,0.5,Lothian_and_Tayside,age
2019,38.6885694729637,37.5302927484955,39.846846197432,0.5,Lothian_and_Tayside,age
2020,39.4031485284052,37.7516553743627,41.0546416824477,0.5,Lothian_and_Tayside,age
2008,35.7618069815195,34.480133450446,37.043480512593,0.75,Lothian_and_Tayside,age
2009,36.7959323359734,35.983648547185,37.6082161247618,0.75,Lothian_and_Tayside,age
2010,37.739578240605,37.1580837196429,38.321072761567,0.75,Lothian_and_Tayside,age
2011,38.5927446954141,37.990018782316,39.1954706085122,0.75,Lothian_and_Tayside,age
2012,39.3554317004009,38.6457860199324,40.0650773808694,0.75,Lothian_and_Tayside,age
2013,40.0276392555654,39.2464729816265,40.8088055295042,0.75,Lothian_and_Tayside,age
2014,40.6093673609074,39.8238454663655,41.3948892554493,0.75,Lothian_and_Tayside,age
2015,41.1006160164271,40.3652732915607,41.8359587412935,0.75,Lothian_and_Tayside,age
2016,41.5013852221245,40.8080604860162,42.1947099582328,0.75,Lothian_and_Tayside,age
2017,41.8116749779994,41.0248163880891,42.5985335679098,0.75,Lothian_and_Tayside,age
2018,42.031485284052,40.9264843567956,43.1364862113085,0.75,Lothian_and_Tayside,age
2019,42.1608161402823,40.5378365440573,43.7837957365073,0.75,Lothian_and_Tayside,age
2020,42.1996675466901,39.8999413160032,44.4993937773771,0.75,Lothian_and_Tayside,age
2008,26.966005019393,26.2936371723956,27.6383728663903,0.25,Other,age
2009,27.8943189596166,27.4447644544891,28.3438734647441,0.25,Other,age
2010,28.7802874743325,28.4539050959727,29.1066698526924,0.25,Other,age
2011,29.6239105635408,29.3117025226706,29.9361186044111,0.25,Other,age
2012,30.4251882272415,30.0731961157469,30.7771803387362,0.25,Other,age
2013,31.1841204654345,30.7947742823994,31.5734666484697,0.25,Other,age
2014,31.9007072781199,31.4967538623934,32.3046606938464,0.25,Other,age
2015,32.5749486652976,32.1772956425838,32.9726016880115,0.25,Other,age
2016,33.2068446269677,32.816022235019,33.5976670189165,0.25,Other,age
2017,33.7963951631302,33.3719410883317,34.2208492379286,0.25,Other,age
2018,34.3436002737849,33.8047470542779,34.882453493292,0.25,Other,age
2019,34.8484599589321,34.1067312383538,35.5901886795104,0.25,Other,age
2020,35.3109742185716,34.2895979973471,36.3323504397961,0.25,Other,age
2008,31.3873298349684,30.7410734673358,32.0335862026011,0.5,Other,age
2009,32.3148528405201,31.8746897921087,32.7550158889316,0.5,Other,age
2010,33.1964407939766,32.8625543599774,33.5303272279759,0.5,Other,age
2011,34.0320936953379,33.7006153804999,34.3635720101759,0.5,Other,age
2012,34.821811544604,34.4453006298681,35.1983224593399,0.5,Other,age
2013,35.5655943417749,35.1487552033094,35.9824334802404,0.5,Other,age
2014,36.2634420868505,35.8318275193805,36.6950566543206,0.5,Other,age
2015,36.915354779831,36.498698477086,37.332011082576,0.5,Other,age
2016,37.5213324207163,37.1422213199021,37.9004435215304,0.5,Other,age
2017,38.0813750095063,37.7371383637427,38.4256116552699,0.5,Other,age
2018,38.5954825462011,38.2300157035273,38.960949388875,0.5,Other,age
2019,39.0636550308008,38.5754210582262,39.5518890033754,0.5,Other,age
2020,39.4858924633052,38.7815012704156,40.1902836561948,0.5,Other,age
2008,36.3668720054756,35.5774238563016,37.1563201546496,0.75,Other,age
2009,37.4123754411228,36.8827579923636,37.941992889882,0.75,Other,age
2010,38.3830324364204,37.9967848927775,38.7692799800634,0.75,Other,age
2011,39.2788429913686,38.9088610811186,39.6488249016186,0.75,Other,age
2012,40.0998071059672,39.6829593735097,40.5166548384247,0.75,Other,age
2013,40.8459247802163,40.3848707259693,41.3069788344633,0.75,Other,age
2014,41.5171960141159,41.0390131616003,41.9953788666314,0.75,Other,age
2015,42.1136208076659,41.6446216511824,42.5826199641495,0.75,Other,age
2016,42.6351991608665,42.1802293788746,43.0901689428584,0.75,Other,age
2017,43.0819310737175,42.5993529385189,43.5645092089161,0.75,Other,age
2018,43.453816546219,42.8510628783227,44.0565702141153,0.75,Other,age
2019,43.7508555783709,42.9222566543549,44.579454502387,0.75,Other,age
2020,43.9730481701734,42.8269459475731,45.1191503927737,0.75,Other,age
2008,27.4613278576319,27.0552632461878,27.8673924690761,0.25,Scotland,age
2009,28.3452429842575,28.0722761506494,28.6182098178656,0.25,Scotland,age
2010,29.199178644764,28.9993932531737,29.3989640363542,0.25,Scotland,age
2011,30.0231348391514,29.8327812043594,30.2134884739433,0.25,Scotland,age
2012,30.8171115674197,30.6050763399667,31.0291467948726,0.25,Scotland,age
2013,31.5811088295689,31.348889838171,31.8133278209667,0.25,Scotland,age
2014,32.315126625599,32.0757025988397,32.5545506523582,0.25,Scotland,age
2015,33.01916495551,32.7831696771664,33.2551602338535,0.25,Scotland,age
2016,33.6932238193019,33.4567357040874,33.9297119345164,0.25,Scotland,age
2017,34.3373032169747,34.0703487022496,34.6042577316998,0.25,Scotland,age
2018,34.9514031485284,34.60311974481,35.2996865522468,0.25,Scotland,age
2019,35.535523613963,35.0538797505413,36.0171674773848,0.25,Scotland,age
2020,36.0896646132786,35.4296657342377,36.7496634923194,0.25,Scotland,age
2008,32.1723542257424,31.7792977035068,32.565410747978,0.5,Scotland,age
2009,33.0677618069816,32.7959944734893,33.3395291404739,0.5,Scotland,age
2010,33.9215801310258,33.7087277683218,34.1344324937298,0.5,Scotland,age
2011,34.733809197875,34.5191587804107,34.9484596153393,0.5,Scotland,age
2012,35.5044490075292,35.2623704859702,35.7465275290881,0.5,Scotland,age
2013,36.2334995599884,35.9679259716634,36.4990731483133,0.5,Scotland,age
2014,36.9209608552525,36.6476452734362,37.1942764370688,0.5,Scotland,age
2015,37.5668328933217,37.3038386844839,37.8298271021594,0.5,Scotland,age
2016,38.1711156741958,37.9320053363807,38.4102260120109,0.5,Scotland,age
2017,38.7338091978749,38.5166027095164,38.9510156862335,0.5,Scotland,age
2018,39.2549134643591,39.025049178867,39.4847777498512,0.5,Scotland,age
2019,39.7344284736482,39.4294521840345,40.0394047632618,0.5,Scotland,age
2020,40.1723542257423,39.7344494870524,40.6102589644321,0.5,Scotland,age
2008,37.1825385960911,36.6946987001258,37.6703784920563,0.75,Scotland,age
2009,38.1168149669177,37.7878754473873,38.4457544864481,0.75,Scotland,age
2010,39.003422313484,38.7649788855049,39.241865741463,0.75,Scotland,age
2011,39.8423606357899,39.6201452530971,40.0645760184826,0.75,Scotland,age
2012,40.6336299338353,40.3887207705623,40.8785390971084,0.75,Scotland,age
2013,41.3772302076204,41.1095734531055,41.6448869621353,0.75,Scotland,age
2014,42.0731614571451,41.7972677503191,42.349055163971,0.75,Scotland,age
2015,42.7214236824093,42.4494913850866,42.993355979732,0.75,Scotland,age
2016,43.3220168834132,43.0491779851992,43.5948557816271,0.75,Scotland,age
2017,43.8749410601566,43.5656082937858,44.1842738265275,0.75,Scotland,age
2018,44.3801962126397,43.9745506134454,44.785841811834,0.75,Scotland,age
2019,44.8377823408623,44.2750512622482,45.4005134194765,0.75,Scotland,age
2020,45.2476994448246,44.4753929844898,46.0200059051594,0.75,Scotland,age
2005,21.2820512820512,19.7076567556549,22.8564458084476,0.25,GCC,age_init
2006,22,20.9083275527871,23.0916724472128,0.25,GCC,age_init
2007,22.6923076923077,21.9202870847797,23.4643282998356,0.25,GCC,age_init
2008,23.3589743589743,22.6932916324077,24.0246570855409,0.25,GCC,age_init
2009,24,23.2691513940357,24.7308486059642,0.25,GCC,age_init
2010,24.6153846153846,23.76715342702,25.4636158037492,0.25,GCC,age_init
2011,25.2051282051282,24.2569254523219,26.1533309579345,0.25,GCC,age_init
2012,25.7692307692307,24.7581788330753,26.7802827053862,0.25,GCC,age_init
2013,26.3076923076923,25.2647915256817,27.3505930897029,0.25,GCC,age_init
2014,26.8205128205128,25.7511702308267,27.8898554101989,0.25,GCC,age_init
2015,27.3076923076923,26.1730727757768,28.4423118396078,0.25,GCC,age_init
2016,27.7692307692307,26.4783975292463,29.0600640092151,0.25,GCC,age_init
2017,28.2051282051282,26.631409997068,29.7788464131883,0.25,GCC,age_init
2018,28.6153846153846,26.6243473354748,30.6064218952944,0.25,GCC,age_init
2019,29,26.4653505244837,31.5346494755163,0.25,GCC,age_init
2005,24.5227272727272,22.5490162528535,26.496438292601,0.5,GCC,age_init
2006,25.4015151515151,24.0104180293045,26.7926122737257,0.5,GCC,age_init
2007,26.2272727272727,25.2563542153996,27.1981912391457,0.5,GCC,age_init
2008,27,26.2333106358428,27.7666893641571,0.5,GCC,age_init
2009,27.7196969696969,26.9434055622398,28.495988377154,0.5,GCC,age_init
2010,28.3863636363636,27.5022693680991,29.2704579046281,0.5,GCC,age_init
2011,29,28.0091957236549,29.990804276345,0.5,GCC,age_init
2012,29.560606060606,28.5012939430533,30.6199181781587,0.5,GCC,age_init
2013,30.0681818181818,28.9797530156563,31.1566106207073,0.5,GCC,age_init
2014,30.5227272727272,29.4211780089473,31.6242765365072,0.5,GCC,age_init
2015,30.9242424242424,29.7775689528485,32.0709158956363,0.5,GCC,age_init
2016,31.2727272727273,29.985114237543,32.5603403079115,0.5,GCC,age_init
2017,31.5681818181818,29.9952864565011,33.1410771798625,0.5,GCC,age_init
2018,31.810606060606,29.7964686110507,33.8247435101614,0.5,GCC,age_init
2019,32,29.3995512012646,34.6004487987353,0.5,GCC,age_init
2005,29.4999999999999,26.7634512260368,32.2365487739631,0.75,GCC,age_init
2006,30.8124999999999,28.8680535449877,32.7569464550122,0.75,GCC,age_init
2007,32,30.6344519972545,33.3655480027454,0.75,GCC,age_init
2008,33.0625,31.993945812835,34.1310541871649,0.75,GCC,age_init
2009,34,32.9402215521467,35.0597784478532,0.75,GCC,age_init
2010,34.8125,33.6170403094023,36.0079596905976,0.75,GCC,age_init
2011,35.5,34.1622176707867,36.8377823292132,0.75,GCC,age_init
2012,36.0625,34.6327959180509,37.492204081949,0.75,GCC,age_init
2013,36.5,35.0367678985091,37.9632321014908,0.75,GCC,age_init
2014,36.8125,35.3500261036126,38.2749738963874,0.75,GCC,age_init
2015,37,35.5150685708673,38.4849314291327,0.75,GCC,age_init
2016,37.0625,35.4448837448381,38.6801162551619,0.75,GCC,age_init
2017,37,35.0608481038145,38.9391518961855,0.75,GCC,age_init
2018,36.8125,34.3362449485602,39.2887550514398,0.75,GCC,age_init
2019,36.5,33.2849352611137,39.7150647388863,0.75,GCC,age_init
2005,18.2857142857142,15.7531301778708,20.8182983935577,0.25,Lothian_and_Tayside,age_init
2006,19.6190476190476,17.9559127271358,21.2821825109594,0.25,Lothian_and_Tayside,age_init
2007,20.8571428571428,19.7939312595071,21.9203544547785,0.25,Lothian_and_Tayside,age_init
2008,22,21.1695875593056,22.8304124406943,0.25,Lothian_and_Tayside,age_init
2009,23.047619047619,22.1399597938669,23.9552783013711,0.25,Lothian_and_Tayside,age_init
2010,24,22.9457413404153,25.0542586595846,0.25,Lothian_and_Tayside,age_init
2011,24.8571428571428,23.704482987152,26.0098027271336,0.25,Lothian_and_Tayside,age_init
2012,25.6190476190476,24.4151129577774,26.8229822803178,0.25,Lothian_and_Tayside,age_init
2013,26.2857142857142,25.0027423396796,27.5686862317489,0.25,Lothian_and_Tayside,age_init
2014,26.8571428571428,25.3444350668782,28.3698506474075,0.25,Lothian_and_Tayside,age_init
2015,27.3333333333333,25.3473377949519,29.3193288717147,0.25,Lothian_and_Tayside,age_init
2016,27.7142857142857,24.9977540319661,30.4308173966052,0.25,Lothian_and_Tayside,age_init
2017,28,24.3178591410912,31.6821408589087,0.25,Lothian_and_Tayside,age_init
2018,28.1904761904761,23.3281991293506,33.0527532516017,0.25,Lothian_and_Tayside,age_init
2019,28.2857142857142,22.0415237597836,34.5299048116449,0.25,Lothian_and_Tayside,age_init
2005,22.4,19.9191946781568,24.8808053218431,0.5,Lothian_and_Tayside,age_init
2006,23.75,22.0829397474817,25.4170602525183,0.5,Lothian_and_Tayside,age_init
2007,25,23.9253487828264,26.0746512171735,0.5,Lothian_and_Tayside,age_init
2008,26.15,25.3771673430694,26.9228326569305,0.5,Lothian_and_Tayside,age_init
2009,27.2,26.4370028855477,27.9629971144522,0.5,Lothian_and_Tayside,age_init
2010,28.15,27.2863925486034,29.0136074513965,0.5,Lothian_and_Tayside,age_init
2011,29,28.059330008578,29.9406699914219,0.5,Lothian_and_Tayside,age_init
2012,29.75,28.7720984252818,30.7279015747182,0.5,Lothian_and_Tayside,age_init
2013,30.4,29.3619813320812,31.4380186679187,0.5,Lothian_and_Tayside,age_init
2014,30.95,29.7146155860959,32.185384413904,0.5,Lothian_and_Tayside,age_init
2015,31.4,29.7445610051201,33.0554389948798,0.5,Lothian_and_Tayside,age_init
2016,31.75,29.443731377152,34.0562686228479,0.5,Lothian_and_Tayside,age_init
2017,32,28.8345274661998,35.1654725338001,0.5,Lothian_and_Tayside,age_init
2018,32.15,27.9352966455588,36.3647033544411,0.5,Lothian_and_Tayside,age_init
2019,32.2,26.7567481101955,37.6432518898044,0.5,Lothian_and_Tayside,age_init
2005,26.4074074074074,22.4970441395782,30.3177706752365,0.75,Lothian_and_Tayside,age_init
2006,28.2962962962962,25.6013355475249,30.9912570450676,0.75,Lothian_and_Tayside,age_init
2007,29.9999999999999,28.2008014859323,31.7991985140676,0.75,Lothian_and_Tayside,age_init
2008,31.5185185185185,30.1982356715281,32.8388013655088,0.75,Lothian_and_Tayside,age_init
2009,32.8518518518518,31.5785822021415,34.1251215015621,0.75,Lothian_and_Tayside,age_init
2010,34,32.577805683697,35.4221943163029,0.75,Lothian_and_Tayside,age_init
2011,34.9629629629629,33.410631719072,36.5152942068539,0.75,Lothian_and_Tayside,age_init
2012,35.7407407407407,34.1420437581864,37.339437723295,0.75,Lothian_and_Tayside,age_init
2013,36.3333333333333,34.7379422128002,37.9287244538663,0.75,Lothian_and_Tayside,age_init
2014,36.7407407407407,35.0753882678549,38.4060932136265,0.75,Lothian_and_Tayside,age_init
2015,36.9629629629629,34.976367468207,38.9495584577189,0.75,Lothian_and_Tayside,age_init
2016,37,34.3387747061118,39.6612252938881,0.75,Lothian_and_Tayside,age_init
2017,36.8518518518518,33.1764688486231,40.5272348550805,0.75,Lothian_and_Tayside,age_init
2018,36.5185185185185,31.5320472627707,41.5049897742663,0.75,Lothian_and_Tayside,age_init
2019,36,29.4347987901286,42.5652012098713,0.75,Lothian_and_Tayside,age_init
2005,19.952380952381,17.6169792263401,22.2877826784219,0.25,Other,age_init
2006,20.2857142857143,18.62248393973,21.9489446316986,0.25,Other,age_init
2007,20.6349206349207,19.4802153835749,21.7896258862664,0.25,Other,age_init
2008,21,20.1449536938465,21.8550463061536,0.25,Other,age_init
2009,21.3809523809524,20.5946649479485,22.1672398139563,0.25,Other,age_init
2010,21.7777777777778,20.9198353218611,22.6357202336945,0.25,Other,age_init
2011,22.1904761904762,21.2373219698128,23.1436304111396,0.25,Other,age_init
2012,22.6190476190476,21.5981828741636,23.6399123639317,0.25,Other,age_init
2013,23.0634920634921,22.002213787608,24.1247703393761,0.25,Other,age_init
2014,23.5238095238095,22.4134668093705,24.6341522382485,0.25,Other,age_init
2015,24,22.7685830851421,25.2314169148579,0.25,Other,age_init
2016,24.4920634920635,23.0040704557289,25.9800565283981,0.25,Other,age_init
2017,25,23.0905611905517,26.9094388094483,0.25,Other,age_init
2018,25.5238095238095,23.0309330494049,28.0166859982142,0.25,Other,age_init
2019,26.0634920634921,22.8378517352398,29.2891323917444,0.25,Other,age_init
2005,25.12,23.3144021224032,26.9255978775968,0.5,Other,age_init
2006,25.28,23.9713260137393,26.5886739862608,0.5,Other,age_init
2007,25.48,24.5227959331243,26.4372040668757,0.5,Other,age_init
2008,25.72,24.9266755073722,26.5133244926279,0.5,Other,age_init
2009,26,25.1935238147865,26.8064761852135,0.5,Other,age_init
2010,26.32,25.4156639888913,27.2243360111087,0.5,Other,age_init
2011,26.68,25.674939448637,27.6850605513631,0.5,Other,age_init
2012,27.08,26.009506377673,28.150493622327,0.5,Other,age_init
2013,27.52,26.4319298588542,28.6080701411458,0.5,Other,age_init
2014,28,26.9404387430281,29.059561256972,0.5,Other,age_init
2015,28.52,27.5194801442582,29.5205198557419,0.5,Other,age_init
2016,29.08,28.1324614038826,30.0275385961174,0.5,Other,age_init
2017,29.68,28.7146393698413,30.6453606301587,0.5,Other,age_init
2018,30.32,29.1964974486049,31.4435025513951,0.5,Other,age_init
2019,31,29.5550631459191,32.4449368540809,0.5,Other,age_init
2005,28,24.9851016134558,31.0148983865442,0.75,Other,age_init
2006,29.15625,26.9210045624071,31.3914954375929,0.75,Other,age_init
2007,30.2083333333334,28.5728302824325,31.8438363842342,0.75,Other,age_init
2008,31.15625,29.893816597174,32.418683402826,0.75,Other,age_init
2009,32,30.857611508701,33.142388491299,0.75,Other,age_init
2010,32.7395833333334,31.5376764715499,33.9414901951169,0.75,Other,age_init
2011,33.375,32.0590448883244,34.6909551116756,0.75,Other,age_init
2012,33.90625,32.5028318039947,35.3096681960054,0.75,Other,age_init
2013,34.3333333333334,32.9033625573121,35.7633041093546,0.75,Other,age_init
2014,34.65625,33.2678029268002,36.0446970731998,0.75,Other,age_init
2015,34.875,33.5817562773772,36.1682437226229,0.75,Other,age_init
2016,34.9895833333334,33.7994015093903,36.1797651572764,0.75,Other,age_init
2017,35,33.8247451801996,36.1752548198004,0.75,Other,age_init
2018,34.90625,33.538231351443,36.274268648557,0.75,Other,age_init
2019,34.7083333333334,32.8984016814852,36.5182649851815,0.75,Other,age_init
2005,20.3766233766233,18.9214013061674,21.8318454470792,0.25,Scotland,age_init
2006,20.9999999999999,19.9656543243432,22.0343456756567,0.25,Scotland,age_init
2007,21.6103896103896,20.8887731267768,22.3320060940024,0.25,Scotland,age_init
2008,22.2077922077922,21.658060866003,22.7575235495813,0.25,Scotland,age_init
2009,22.7922077922077,22.2649451301315,23.319470454284,0.25,Scotland,age_init
2010,23.3636363636363,22.7774589353301,23.9498137919425,0.25,Scotland,age_init
2011,23.9220779220779,23.2692184807161,24.5749373634396,0.25,Scotland,age_init
2012,24.4675324675324,23.7712177159928,25.1638472190721,0.25,Scotland,age_init
2013,24.9999999999999,24.285695154076,25.7143048459239,0.25,Scotland,age_init
2014,25.5194805194805,24.7950115679528,26.2439494710081,0.25,Scotland,age_init
2015,26.025974025974,25.2624419452916,26.7895061066563,0.25,Scotland,age_init
2016,26.5194805194805,25.6416297422407,27.3973312967203,0.25,Scotland,age_init
2017,26.9999999999999,25.9020258021581,28.0979741978418,0.25,Scotland,age_init
2018,27.4675324675324,26.0401977796573,28.8948671554075,0.25,Scotland,age_init
2019,27.9220779220779,26.065436571044,29.7787192731118,0.25,Scotland,age_init
2005,24.1363636363636,23.1214150531884,25.1513122195387,0.5,Scotland,age_init
2006,24.9999999999999,24.2803597303968,25.719640269603,0.5,Scotland,age_init
2007,25.810606060606,25.297800894276,26.323411226936,0.5,Scotland,age_init
2008,26.5681818181818,26.1460142714567,26.9903493649068,0.5,Scotland,age_init
2009,27.2727272727272,26.8341298337795,27.7113247116749,0.5,Scotland,age_init
2010,27.9242424242424,27.4242568078065,28.4242280406782,0.5,Scotland,age_init
2011,28.5227272727272,27.9645680227469,29.0808865227075,0.5,Scotland,age_init
2012,29.0681818181818,28.4737310962075,29.662632540156,0.5,Scotland,age_init
2013,29.560606060606,28.9542366537503,30.1669754674617,0.5,Scotland,age_init
2014,29.9999999999999,29.3978706177913,30.6021293822086,0.5,Scotland,age_init
2015,30.3863636363636,29.7847376126603,30.9879896600669,0.5,Scotland,age_init
2016,30.7196969696969,30.0827562718607,31.3566376675332,0.5,Scotland,age_init
2017,30.9999999999999,30.2587315998752,31.7412684001247,0.5,Scotland,age_init
2018,31.2272727272727,30.2972817077128,32.1572637468326,0.5,Scotland,age_init
2019,31.4015151515151,30.2017847532128,32.6012455498173,0.5,Scotland,age_init
2005,28.8499999999999,27.544878132313,30.1551218676868,0.75,Scotland,age_init
2006,29.9999999999999,29.0978924915058,30.9021075084941,0.75,Scotland,age_init
2007,31.0499999999999,30.4245490431664,31.6754509568335,0.75,Scotland,age_init
2008,31.9999999999999,31.4834401488592,32.5165598511407,0.75,Scotland,age_init
2009,32.8499999999999,32.2963747036499,33.40362529635,0.75,Scotland,age_init
2010,33.5999999999999,32.9593703528286,34.2406296471712,0.75,Scotland,age_init
2011,34.2499999999999,33.5336088397011,34.9663911602988,0.75,Scotland,age_init
2012,34.7999999999999,34.035770837797,35.5642291622029,0.75,Scotland,age_init
2013,35.2499999999999,34.4585072327371,36.0414927672628,0.75,Scotland,age_init
2014,35.5999999999999,34.7763046256897,36.4236953743102,0.75,Scotland,age_init
2015,35.8499999999999,34.9485848139259,36.751415186074,0.75,Scotland,age_init
2016,35.9999999999999,34.9343550164977,37.0656449835022,0.75,Scotland,age_init
2017,36.0499999999999,34.7124703056436,37.3875296943563,0.75,Scotland,age_init
2018,36,34.2828745133314,37.7171254866685,0.75,Scotland,age_init
2019,35.8499999999999,33.6535340790588,38.0464659209411,0.75,Scotland,age_init
2008,5.16735112936345,4.59336114074523,5.74134111798167,0.25,GCC,dur
2009,5.87355070209279,5.47643830771493,6.27066309647066,0.25,GCC,dur
2010,6.53589073486404,6.18253053712337,6.88925093260471,0.25,GCC,dur
2011,7.15437122767718,6.75244278679754,7.55629966855682,0.25,GCC,dur
2012,7.72899218053222,7.26337068202087,8.19461367904356,0.25,GCC,dur
2013,8.25975359342915,7.75165939432337,8.76784779253493,0.25,GCC,dur
2014,8.74665546636798,8.22549272789132,9.26781820484464,0.25,GCC,dur
2015,9.18969779934871,8.67820907180902,9.7011865268884,0.25,GCC,dur
2016,9.58888059237133,9.08775753752995,10.0900036472127,0.25,GCC,dur
2017,9.94420384543585,9.41361436167066,10.474793329201,0.25,GCC,dur
2018,10.2556675585423,9.61325278617187,10.8980823309127,0.25,GCC,dur
2019,10.5232717316906,9.67298832900205,11.3735551343791,0.25,GCC,dur
2008,9.63033310517915,9.06723355398261,10.1934326563757,0.5,GCC,dur
2009,10.5903490759754,10.2092150544568,10.971483097494,0.5,GCC,dur
2010,11.5170773442848,11.2182795494671,11.8158751391024,0.5,GCC,dur
2011,12.4105179101073,12.102467772417,12.7185680477975,0.5,GCC,dur
2012,13.2706707734429,12.9209334386776,13.6204081082082,0.5,GCC,dur
2013,14.0975359342916,13.7151764725597,14.4798953960235,0.5,GCC,dur
2014,14.8911133926534,14.4965970288338,15.2856297564731,0.5,GCC,dur
2015,15.6514031485284,15.2587252325867,16.0440810644701,0.5,GCC,dur
2016,16.3784052019165,15.9785932891703,16.7782171146627,0.5,GCC,dur
2017,17.0721195528177,16.6193034777396,17.5249356278959,0.5,GCC,dur
2018,17.732546201232,17.1523231910368,18.3127692114273,0.5,GCC,dur
2019,18.3596851471595,17.5748101137777,19.1445601805413,0.5,GCC,dur
2008,14.1023271731691,13.2270074191342,14.977646927204,0.75,GCC,dur
2009,15.4300514680392,14.8165055436463,16.043597392432,0.75,GCC,dur
2010,16.6732401752936,16.1888473919792,17.1576329586079,0.75,GCC,dur
2011,17.8318932949323,17.3500096682689,18.3137769215957,0.75,GCC,dur
2012,18.9060108269554,18.3712325621509,19.4407890917598,0.75,GCC,dur
2013,19.8955927713628,19.3140637381648,20.4771218045607,0.75,GCC,dur
2014,20.8006391281545,20.2036657515666,21.3976125047424,0.75,GCC,dur
2015,21.6211498973306,21.0435851454452,22.198714649216,0.75,GCC,dur
2016,22.357125078891,21.8203140123263,22.8939361454557,0.75,GCC,dur
2017,23.0085646728357,22.4948526781137,23.5222766675577,0.75,GCC,dur
2018,23.5754686791648,23.0010653046747,24.1498720536548,0.75,GCC,dur
2019,24.0578370978782,23.2957155465287,24.8199586492277,0.75,GCC,dur
2008,1.64457373184275,0.886965432987366,2.40218203069812,0.25,Lothian_and_Tayside,dur
2009,2.49452429842575,2.05360229408208,2.93544630276943,0.25,Lothian_and_Tayside,dur
2010,3.27540497376228,2.97945083164122,3.57135911588334,0.25,Lothian_and_Tayside,dur
2011,3.98721575785233,3.6593569671174,4.31507454858725,0.25,Lothian_and_Tayside,dur
2012,4.62995665069589,4.23528457051991,5.02462873087187,0.25,Lothian_and_Tayside,dur
2013,5.20362765229297,4.7773481723283,5.62990713225764,0.25,Lothian_and_Tayside,dur
2014,5.70822876264356,5.28127176734606,6.13518575794107,0.25,Lothian_and_Tayside,dur
2015,6.14375998174768,5.69419145703762,6.59332850645774,0.25,Lothian_and_Tayside,dur
2016,6.51022130960531,5.93277900390313,7.08766361530749,0.25,Lothian_and_Tayside,dur
2017,6.80761274621646,5.96132831886127,7.65389717357165,0.25,Lothian_and_Tayside,dur
2018,7.03593429158113,5.79578837446318,8.27608020869908,0.25,Lothian_and_Tayside,dur
2019,7.19518594569931,5.4533577949299,8.93701409646872,0.25,Lothian_and_Tayside,dur
2008,5.6019849418206,4.59990706226657,6.60406282137464,0.5,Lothian_and_Tayside,dur
2009,6.20714774616209,5.58131834909802,6.83297714322616,0.5,Lothian_and_Tayside,dur
2010,6.86172223851895,6.43025556604798,7.29318891098992,0.5,Lothian_and_Tayside,dur
2011,7.56570841889119,7.13239648558517,7.99902035219721,0.5,Lothian_and_Tayside,dur
2012,8.31910628727881,7.81500382178045,8.82320875277717,0.5,Lothian_and_Tayside,dur
2013,9.1219158436818,8.57374893184837,9.67008275551523,0.5,Lothian_and_Tayside,dur
2014,9.97413708810017,9.42670749322295,10.5215666829774,0.5,Lothian_and_Tayside,dur
2015,10.8757700205339,10.3446518948889,11.4068881461789,0.5,Lothian_and_Tayside,dur
2016,11.826814640983,11.2474416275482,12.4061876544179,0.5,Lothian_and_Tayside,dur
2017,12.8272709494475,12.0488257666329,13.6057161322622,0.5,Lothian_and_Tayside,dur
2018,13.8771389459274,12.7386709329164,15.0156069589384,0.5,Lothian_and_Tayside,dur
2019,14.9764186304227,13.3433981810275,16.6094390798178,0.5,Lothian_and_Tayside,dur
2008,10.0968514715948,8.65569090717901,11.5380120360106,0.75,Lothian_and_Tayside,dur
2009,11.2363449691992,10.2973659864365,12.1753239519619,0.75,Lothian_and_Tayside,dur
2010,12.3015058179329,11.6463407936607,12.9566708422052,0.75,Lothian_and_Tayside,dur
2011,13.292334017796,12.6768564753005,13.9078115602916,0.75,Lothian_and_Tayside,dur
2012,14.2088295687885,13.5169421805331,14.9007169570439,0.75,Lothian_and_Tayside,dur
2013,15.0509924709104,14.2984215776753,15.8035633641454,0.75,Lothian_and_Tayside,dur
2014,15.8188227241616,15.0649429562013,16.5727024921219,0.75,Lothian_and_Tayside,dur
2015,16.5123203285421,15.8049987666134,17.2196418904708,0.75,Lothian_and_Tayside,dur
2016,17.1314852840521,16.4480577289475,17.8149128391567,0.75,Lothian_and_Tayside,dur
2017,17.6763175906914,16.8623343891504,18.4903007922323,0.75,Lothian_and_Tayside,dur
2018,18.14681724846,16.9764163011219,19.3172181957981,0.75,Lothian_and_Tayside,dur
2019,18.5429842573581,16.8222131106925,20.2637554040236,0.75,Lothian_and_Tayside,dur
2008,4.23479352041974,3.61798392979135,4.85160311104814,0.25,Other,dur
2009,4.84702258726894,4.4504184812701,5.24362669326778,0.25,Other,dur
2010,5.43086926762486,5.11125232458171,5.75048621066802,0.25,Other,dur
2011,5.98633356148752,5.62080897590435,6.35185814707069,0.25,Other,dur
2012,6.5134154688569,6.07553195601019,6.95129898170362,0.25,Other,dur
2013,7.01211498973302,6.52410114067191,7.50012883879413,0.25,Other,dur
2014,7.48243212411586,6.97649737704001,7.98836687119172,0.25,Other,dur
2015,7.92436687200544,7.42455865086403,8.42417509314685,0.25,Other,dur
2016,8.33791923340175,7.84212175063206,8.83371671617143,0.25,Other,dur
2017,8.72308920830478,8.18304549726711,9.26313291934245,0.25,Other,dur
2018,9.07987679671455,8.40424756071571,9.75550603271339,0.25,Other,dur
2019,9.40828199863105,8.49669966978077,10.3198643274813,0.25,Other,dur
2008,8.35220675843532,7.69414021473647,9.01027330213417,0.5,Other,dur
2009,9.18925393566044,8.75543826963382,9.62306960168706,0.5,Other,dur
2010,10.0025223717899,9.6817649401012,10.3232798034786,0.5,Other,dur
2011,10.7920120668238,10.4685164854653,11.1155076481822,0.5,Other,dur
2012,11.5577230207619,11.184181377183,11.9312646643409,0.5,Other,dur
2013,12.2996552336045,11.8848087545612,12.7145017126478,0.5,Other,dur
2014,13.0178087053514,12.5872071438667,13.4484102668361,0.5,Other,dur
2015,13.7121834360026,13.2866432133594,14.1377236586459,0.5,Other,dur
2016,14.3827794255583,13.9594545345206,14.8061043165959,0.5,Other,dur
2017,15.0295966740182,14.5622665903168,15.4969267577197,0.5,Other,dur
2018,15.6526351813825,15.0561443681891,16.2491259945759,0.5,Other,dur
2019,16.2518949476512,15.4351530589047,17.0686368363978,0.5,Other,dur
2008,12.4021218343599,11.7596750463045,13.0445686224153,0.75,Other,dur
2009,13.3464136821425,12.9148730953904,13.7779542688946,0.75,Other,dur
2010,14.266055983715,13.9459758579035,14.5861361095266,0.75,Other,dur
2011,15.1610487390774,14.8466746877422,15.4754227904125,0.75,Other,dur
2012,16.0313919482296,15.6738754038905,16.3889084925687,0.75,Other,dur
2013,16.8770856111717,16.4809867464191,17.2731844759244,0.75,Other,dur
2014,17.6981297279037,17.2875544688156,18.1087049869919,0.75,Other,dur
2015,18.4945242984256,18.0940321371663,18.895016459685,0.75,Other,dur
2016,19.2662693227374,18.8855684220905,19.6469702233843,0.75,Other,dur
2017,20.013364800839,19.6263336310322,20.4003959706459,0.75,Other,dur
2018,20.7358107327305,20.2693263486823,21.2022951167788,0.75,Other,dur
2019,21.4336071184119,20.796393587842,22.0708206489818,0.75,Other,dur
2008,4.17364166748153,3.79570711189917,4.5515762230639,0.25,Scotland,dur
2009,4.66495550992474,4.41663845214103,4.91327256770845,0.25,Scotland,dur
2010,5.16137566137569,4.96331301880644,5.35943830394495,0.25,Scotland,dur
2011,5.66290212183439,5.44595566902891,5.87984857463988,0.25,Scotland,dur
2012,6.16953489130084,5.91571910478753,6.42335067781415,0.25,Scotland,dur
2013,6.68127396977503,6.40150538727396,6.96104255227611,0.25,Scotland,dur
2014,7.19811935725697,6.90949727378589,7.48674144072805,0.25,Scotland,dur
2015,7.72007105374666,7.43383082931944,8.00631127817388,0.25,Scotland,dur
2016,8.24712905924409,7.95678727230414,8.53747084618405,0.25,Scotland,dur
2017,8.77929337374927,8.45027311480171,9.10831363269683,0.25,Scotland,dur
2018,9.31656399726219,8.89303158200345,9.74009641252094,0.25,Scotland,dur
2019,9.85894092978287,9.2836374142394,10.4342444453263,0.25,Scotland,dur
2008,8.58898015058184,8.15357691254947,9.02438338861421,0.5,Scotland,dur
2009,9.3182544127103,9.02729601203915,9.60921281338145,0.5,Scotland,dur
2010,10.0517702694294,9.83592634270845,10.2676141961504,0.5,Scotland,dur
2011,10.7895277207392,10.5773810136581,11.0016744278204,0.5,Scotland,dur
2012,11.5315267666397,11.2919071366648,11.7711463966146,0.5,Scotland,dur
2013,12.2777674071309,12.0147016088987,12.5408332053631,0.5,Scotland,dur
2014,13.0282496422127,12.7569224578614,13.299576826564,0.5,Scotland,dur
2015,13.7829734718852,13.5150383909179,14.0509085528525,0.5,Scotland,dur
2016,14.5419388961484,14.2722795548323,14.8115982374645,0.5,Scotland,dur
2017,15.3051459150022,14.9997402316606,15.6105515983439,0.5,Scotland,dur
2018,16.0725945284468,15.6748445580062,16.4703444988873,0.5,Scotland,dur
2019,16.844284736482,16.2964408835026,17.3921285894613,0.5,Scotland,dur
2008,13.1054642938625,12.6349316128082,13.5759969749169,0.75,Scotland,dur
2009,14.0296790630466,13.7101483963616,14.3492097297316,0.75,Scotland,dur
2010,14.938740588638,14.6975722534778,15.1799089237982,0.75,Scotland,dur
2011,15.8326488706367,15.5956103276492,16.0696874136242,0.75,Scotland,dur
2012,16.7114039090427,16.4450473732117,16.9777604448737,0.75,Scotland,dur
2013,17.575005703856,17.2828075856177,17.8672038220942,0.75,Scotland,dur
2014,18.4234542550766,18.1224519529927,18.7244565571606,0.75,Scotland,dur
2015,19.2567495627046,18.9636653091971,19.5498338162121,0.75,Scotland,dur
2016,20.0748916267399,19.7943141995406,20.3554690539391,0.75,Scotland,dur
2017,20.8778804471824,20.5868381341129,21.1689227602519,0.75,Scotland,dur
2018,21.6657160240323,21.3084446691916,22.0229873788731,0.75,Scotland,dur
2019,22.4383983572895,21.9490056324687,22.9277910821104,0.75,Scotland,dur
