fyear,fit,lower,higher,tau,region
1990,20.7951945080091,19.2978241762421,22.2925648397761,0.25,East Midlands
1991,20.3729977116705,19.1106678584523,21.6353275648886,0.25,East Midlands
1992,20,18.9463869680469,21.0536130319531,0.25,East Midlands
1993,19.6762013729977,18.8022018809253,20.5502008650701,0.25,East Midlands
1994,19.4016018306636,18.674159005946,20.1290446553812,0.25,East Midlands
1995,19.1762013729977,18.5574501915203,19.7949525544751,0.25,East Midlands
1996,19,18.4484021711304,19.5515978288696,0.25,East Midlands
1997,18.8729977116705,18.3483777816353,19.3976176417057,0.25,East Midlands
1998,18.7951945080091,18.2659792884734,19.3244097275449,0.25,East Midlands
1999,18.766590389016,18.213786064222,19.3193947138101,0.25,East Midlands
2000,18.7871853546911,18.2031575025425,19.3712132068397,0.25,East Midlands
2001,18.8569794050343,18.2418910040203,19.4720678060484,0.25,East Midlands
2002,18.9759725400458,18.3344182339922,19.6175268460993,0.25,East Midlands
2003,19.1441647597254,18.4826413743899,19.8056881450609,0.25,East Midlands
2004,19.3615560640732,18.6865493661257,20.0365627620208,0.25,East Midlands
2005,19.6281464530892,18.944496381161,20.3117965250175,0.25,East Midlands
2006,19.9439359267735,19.2532459254439,20.634625928103,0.25,East Midlands
2007,20.3089244851259,19.6079568790015,21.0098920912502,0.25,East Midlands
2008,20.7231121281465,20.0023706132721,21.4438536430208,0.25,East Midlands
2009,21.1864988558352,20.4294919038449,21.9435058078256,0.25,East Midlands
2010,21.6990846681922,20.8828223367712,22.5153469996133,0.25,East Midlands
2011,22.2608695652174,21.3576620689801,23.1640770614547,0.25,East Midlands
2012,22.8718535469108,21.8517132862295,23.8919938075921,0.25,East Midlands
2013,23.5320366132723,22.36472963302,24.6993435935246,0.25,East Midlands
2014,24.2414187643021,22.8976766813227,25.5851608472814,0.25,East Midlands
2015,25,23.4519738799295,26.5480261200705,0.25,East Midlands
2016,25.8077803203662,24.0290433044449,27.5865173362874,0.25,East Midlands
2017,26.6647597254005,24.6301186633783,28.6994007874227,0.25,East Midlands
2018,27.570938215103,25.2562011067571,29.8856753234489,0.25,East Midlands
2019,28.5263157894737,25.9080780132873,31.1445535656602,0.25,East Midlands
1990,23.6190476190479,21.6111222545324,25.6269729835633,0.5,East Midlands
1991,23.2857142857145,21.5703563587736,25.0010722126555,0.5,East Midlands
1992,23.0000000000002,21.5478270193096,24.4521729806908,0.5,East Midlands
1993,22.7619047619049,21.5411557274356,23.9826537963743,0.5,East Midlands
1994,22.5714285714287,21.5469922067847,23.5958649360727,0.5,East Midlands
1995,22.4285714285716,21.5610282799071,23.2961145772361,0.5,East Midlands
1996,22.3333333333335,21.5789064238313,23.0877602428356,0.5,East Midlands
1997,22.2857142857144,21.5987989684687,22.9726296029601,0.5,East Midlands
1998,22.2857142857144,21.624765214602,22.9466633568267,0.5,East Midlands
1999,22.3333333333334,21.6672584491091,22.9994082175578,0.5,East Midlands
2000,22.4285714285715,21.7392965577924,23.1178462993505,0.5,East Midlands
2001,22.5714285714286,21.8521406138051,23.2907165290522,0.5,East Midlands
2002,22.7619047619048,22.0135604901777,23.5102490336319,0.5,East Midlands
2003,23,22.2280430855171,23.771956914483,0.5,East Midlands
2004,23.2857142857143,22.4974858463631,24.0739427250655,0.5,East Midlands
2005,23.6190476190476,22.8217013375151,24.4163939005801,0.5,East Midlands
2006,24,23.1986143647551,24.801385635245,0.5,East Midlands
2007,24.4285714285714,23.6242355279026,25.2329073292403,0.5,East Midlands
2008,24.9047619047619,24.0926043564383,25.7169194530855,0.5,East Midlands
2009,25.4285714285714,24.5960301512461,26.2611127058968,0.5,East Midlands
2010,26,25.1260120818345,26.8739879181655,0.5,East Midlands
2011,26.6190476190476,25.6748753970277,27.5632198410675,0.5,East Midlands
2012,27.2857142857143,26.2373995799638,28.3340289914647,0.5,East Midlands
2013,28,26.8114165720649,29.1885834279351,0.5,East Midlands
2014,28.7619047619048,27.3971784068512,30.1266311169584,0.5,East Midlands
2015,29.5714285714286,27.9962236167877,31.1466335260694,0.5,East Midlands
2016,30.4285714285715,28.6104621829986,32.2466806741443,0.5,East Midlands
2017,31.3333333333334,29.2416854683242,33.4249811983426,0.5,East Midlands
2018,32.2857142857143,29.8913900380116,34.6800385334171,0.5,East Midlands
2019,33.2857142857143,30.560760676818,36.0106678946107,0.5,East Midlands
1990,27,24.9168663372743,29.0831336627257,0.75,East Midlands
1991,26.7453703703704,25.0094362348686,28.4813045058721,0.75,East Midlands
1992,26.5416666666666,25.1032316192553,27.980101714078,0.75,East Midlands
1993,26.3888888888889,25.1905987888827,27.587178988895,0.75,East Midlands
1994,26.287037037037,25.2622808839501,27.311793190124,0.75,East Midlands
1995,26.2361111111111,25.3116126915814,27.1606095306407,0.75,East Midlands
1996,26.2361111111111,25.3421217721981,27.1301004500241,0.75,East Midlands
1997,26.287037037037,25.3705422400113,27.2035318340627,0.75,East Midlands
1998,26.3888888888889,25.4194092560814,27.3583685216964,0.75,East Midlands
1999,26.5416666666667,25.5079188357055,27.5754144976278,0.75,East Midlands
2000,26.7453703703704,25.648782447396,27.8419582933447,0.75,East Midlands
2001,27,25.8491348726298,28.1508651273702,0.75,East Midlands
2002,27.3055555555555,26.1121333000844,28.4989778110267,0.75,East Midlands
2003,27.662037037037,26.4380490543443,28.8860250197298,0.75,East Midlands
2004,28.0694444444444,26.8247835515653,29.3141053373236,0.75,East Midlands
2005,28.5277777777778,27.2679932573466,29.7875622982089,0.75,East Midlands
2006,29.037037037037,27.7610469246719,30.3130271494022,0.75,East Midlands
2007,29.5972222222222,28.2951029463157,30.8993414981287,0.75,East Midlands
2008,30.2083333333333,28.8596752430291,31.5569914236375,0.75,East Midlands
2009,30.8703703703704,29.4439586650583,32.2967820756824,0.75,East Midlands
2010,31.5833333333333,30.038692724535,33.1279739421317,0.75,East Midlands
2011,32.3472222222222,30.6377095167769,34.0567349276676,0.75,East Midlands
2012,33.1620370370371,31.2383303901204,35.0857436839537,0.75,East Midlands
2013,34.0277777777778,31.8406169700314,36.2149385855242,0.75,East Midlands
2014,34.9444444444445,32.4461843373113,37.4427045515776,0.75,East Midlands
2015,35.9120370370371,33.0572143422076,38.7668597318665,0.75,East Midlands
2016,36.9305555555556,33.6758744915836,40.1852366195275,0.75,East Midlands
2017,38,34.3040645501622,41.6959354498378,0.75,East Midlands
2018,39.1203703703704,34.9433514885993,43.2973892521414,0.75,East Midlands
2019,40.2916666666667,35.5949897616855,44.9883435716479,0.75,East Midlands
1990,20.400462962963,18.2179881797788,22.5829377461471,0.25,East of England
1991,20.0185185185185,18.1154427498219,21.9215942872151,0.25,East of England
1992,19.6875,18.0409827973877,21.3340172026124,0.25,East of England
1993,19.4074074074074,17.9934675148179,20.8213472999969,0.25,East of England
1994,19.1782407407407,17.9713145762494,20.3851669052321,0.25,East of England
1995,19,17.9723853390857,20.0276146609143,0.25,East of England
1996,18.8726851851852,17.9939845087538,19.7513858616166,0.25,East of England
1997,18.7962962962963,18.0332419436445,19.5593506489481,0.25,East of England
1998,18.7708333333333,18.0882631623313,19.4534035043353,0.25,East of England
1999,18.7962962962963,18.1600173965884,19.4325751960041,0.25,East of England
2000,18.8726851851852,18.2536773046378,19.4916930657326,0.25,East of England
2001,19,18.3777292105213,19.6222707894787,0.25,East of England
2002,19.1782407407407,18.5413363123366,19.8151451691449,0.25,East of England
2003,19.4074074074074,18.7521347089891,20.0626801058257,0.25,East of England
2004,19.6875,19.0154542806086,20.3595457193914,0.25,East of England
2005,20.0185185185185,19.3344551149997,20.7025819220373,0.25,East of England
2006,20.4004629629629,19.7104868877229,21.0904390382029,0.25,East of England
2007,20.8333333333333,20.1433349886522,21.5233316780144,0.25,East of England
2008,21.3171296296296,20.6312716274558,22.0029876318034,0.25,East of England
2009,21.8518518518518,21.1709477235625,22.5327559801412,0.25,East of England
2010,22.4375,21.7572609664301,23.1177390335698,0.25,East of England
2011,23.074074074074,22.3834860693317,23.7646620788164,0.25,East of England
2012,23.761574074074,23.0420578666837,24.4810902814643,0.25,East of England
2013,24.4999999999999,23.7261134398336,25.2738865601663,0.25,East of England
2014,25.2893518518518,24.4311042454128,26.1475994582908,0.25,East of England
2015,26.1296296296296,25.1553901323674,27.1038691268918,0.25,East of England
2016,27.0208333333333,25.8995744607201,28.1420922059464,0.25,East of England
2017,27.9629629629629,26.6653604086104,29.2605655173154,0.25,East of England
2018,28.9560185185184,27.4546761293067,30.4573609077302,0.25,East of England
2019,29.9999999999999,28.2692453912911,31.7307546087088,0.25,East of England
1990,22.7386973180077,20.7963580906286,24.6810365453867,0.5,East of England
1991,22.5206896551724,20.8251704983061,24.2162088120388,0.5,East of England
1992,22.3459770114943,20.8682965516118,23.8236574713767,0.5,East of England
1993,22.2145593869732,20.9233392399181,23.5057795340283,0.5,East of England
1994,22.1264367816092,20.9877149044514,23.265158658767,0.5,East of England
1995,22.0816091954023,21.0593108441988,23.1039075466058,0.5,East of England
1996,22.0800766283525,21.1376453870894,23.0225078696156,0.5,East of England
1997,22.1218390804598,21.2251165092593,23.0185616516602,0.5,East of England
1998,22.2068965517241,21.3273844752175,23.0864086282308,0.5,East of England
1999,22.3352490421456,21.4523118241967,23.2181862600945,0.5,East of England
2000,22.5068965517241,21.6081195380439,23.4056735654043,0.5,East of England
2001,22.7218390804598,21.8019184227815,23.641759738138,0.5,East of England
2002,22.9800766283525,22.0390909252701,23.9210623314349,0.5,East of England
2003,23.2816091954023,22.3232865229587,24.2399318678459,0.5,East of England
2004,23.6264367816092,22.6566489274816,24.5962246357367,0.5,East of England
2005,24.0145593869732,23.0400390243684,24.9890797495779,0.5,East of England
2006,24.4459770114942,23.4731605539269,25.4187934690615,0.5,East of England
2007,24.9206896551724,23.9545700351476,25.8868092751972,0.5,East of England
2008,25.4386973180076,24.4815890139935,26.3958056220217,0.5,East of England
2009,26,25.050174898421,26.9498251015789,0.5,East of England
2010,26.6045977011494,25.6548727934256,27.5543226088732,0.5,East of England
2011,27.2524904214559,26.2890543410035,28.2159265019083,0.5,East of England
2012,27.9436781609195,26.9456529958537,28.9417033259853,0.5,East of England
2013,28.6781609195402,27.6183628111608,29.7379590279195,0.5,East of England
2014,29.455938697318,28.3028171145762,30.6090602800597,0.5,East of England
2015,30.2770114942528,28.9970892647837,31.556933723722,0.5,East of England
2016,31.1413793103448,29.7013206457627,32.5814379749268,0.5,East of England
2017,32.0490421455938,30.4168890965124,33.6811951946752,0.5,East of England
2018,32.9999999999999,31.1456368893215,34.8543631106784,0.5,East of England
2019,33.9942528735631,31.8893891329654,36.0991166141609,0.5,East of England
1990,25,24.1587325489234,25.8412674510765,0.75,East of England
1991,25.1798512508451,24.4195187731243,25.940183728566,0.75,East of England
1992,25.3813387423935,24.6679627149986,26.0947147697883,0.75,East of England
1993,25.604462474645,24.9071651820842,26.3017597672058,0.75,East of England
1994,25.8492224475997,25.1437613269928,26.5546835682066,0.75,East of England
1995,26.1156186612576,25.3859619428037,26.8452753797115,0.75,East of England
1996,26.4036511156186,25.6413817776934,27.1659204535439,0.75,East of England
1997,26.7133198106829,25.9159333534785,27.5107062678873,0.75,East of England
1998,27.0446247464503,26.2137118786492,27.8755376142513,0.75,East of England
1999,27.3975659229209,26.5373011135567,28.2578307322851,0.75,East of England
2000,27.7721433400946,26.8881220718052,28.6561646083841,0.75,East of England
2001,28.1683569979716,27.2666900620768,29.0700239338663,0.75,East of England
2002,28.5862068965517,27.6727629170986,29.4996508760048,0.75,East of England
2003,29.025693035835,28.1053988460551,29.9459872256149,0.75,East of England
2004,29.4868154158215,28.5629495684869,30.4106812631561,0.75,East of England
2005,29.9695740365111,29.0430197292635,30.8961283437587,0.75,East of England
2006,30.4739688979039,29.5424373174408,31.4055004783671,0.75,East of England
2007,31,30.0573014544361,31.9426985455638,0.75,East of England
2008,31.5476673427991,30.5831873771097,32.5121473084886,0.75,East of England
2009,32.1169709263015,31.1155583842002,33.1183834684028,0.75,East of England
2010,32.7079107505071,31.6503322472341,33.76548925378,0.75,East of England
2011,33.3204868154158,32.1844168146365,34.4565568161951,0.75,East of England
2012,33.9546991210277,32.7159918719141,35.1934063701412,0.75,East of England
2013,34.6105476673427,33.2444448560565,35.976650478629,0.75,East of England
2014,35.288032454361,33.7700587858754,36.8060061228466,0.75,East of England
2015,35.9871534820824,34.2936349766237,37.6806719875411,0.75,East of England
2016,36.707910750507,34.8161840865352,38.5996374144789,0.75,East of England
2017,37.4503042596348,35.3387286988892,39.5618798203805,0.75,East of England
2018,38.2143340094658,35.8622020159097,40.5664660030219,0.75,East of England
2019,38.9999999999999,36.3874096730356,41.6125903269643,0.75,East of England
1990,20.8979591836735,20.3421427201187,21.4537756472282,0.25,London
1991,20.9387755102041,20.4593323533708,21.4182186670374,0.25,London
1992,21,20.5693858620805,21.4306141379195,0.25,London
1993,21.0816326530612,20.6716826558402,21.4915826502823,0.25,London
1994,21.1836734693878,20.7701605390966,21.597186399679,0.25,London
1995,21.3061224489796,20.8722292465402,21.740015651419,0.25,London
1996,21.4489795918368,20.985622079321,21.9123371043525,0.25,London
1997,21.6122448979592,21.1163308120118,22.1081589839066,0.25,London
1998,21.795918367347,21.268301600157,22.3235351345369,0.25,London
1999,22,21.4438815857751,22.5561184142249,0.25,London
2000,22.2244897959184,21.6443052403589,22.8046743514778,0.25,London
2001,22.4693877551021,21.8700260132903,23.0687494969138,0.25,London
2002,22.734693877551,22.1209009771499,23.3484867779521,0.25,London
2003,23.0204081632653,22.3962720944837,23.6445442320469,0.25,London
2004,23.3265306122449,22.6949817309136,23.9580794935762,0.25,London
2005,23.6530612244898,23.0153540027866,24.290768446193,0.25,London
2006,24,23.355176918738,24.644823081262,0.25,London
2007,24.3673469387755,23.7117315923734,25.0229622851777,0.25,London
2008,24.7551020408163,24.0819228359743,25.4282812456584,0.25,London
2009,25.1632653061225,24.4625471512917,25.8639834609532,0.25,London
2010,25.5918367346939,24.8506697234331,26.3330037459547,0.25,London
2011,26.0408163265306,25.243994401589,26.8376382514723,0.25,London
2012,26.5102040816327,25.6410780189126,27.3793301443527,0.25,London
2013,27,26.0413161475666,27.9586838524334,0.25,London
2014,27.5102040816327,26.4447522733041,28.5756558899613,0.25,London
2015,28.0408163265306,26.8518275724111,29.2298050806501,0.25,London
2016,28.5918367346939,27.2631653557805,29.9205081136073,0.25,London
2017,29.1632653061225,27.679426494622,30.6471041176229,0.25,London
2018,29.7551020408163,28.1012304360875,31.4089736455452,0.25,London
2019,30.3673469387755,28.5291214793485,32.2055723982025,0.25,London
1990,24.4,23.6488356462175,25.1511643537825,0.5,London
1991,24.5857142857143,23.9514240033469,25.2200045680818,0.5,London
1992,24.7857142857143,24.2408613716107,25.3305671998179,0.5,London
1993,25,24.5142325989326,25.4857674010674,0.5,London
1994,25.2285714285714,24.7713687317364,25.6857741254065,0.5,London
1995,25.4714285714286,25.0167353721118,25.9261217707453,0.5,London
1996,25.7285714285714,25.2583727266809,26.198770130462,0.5,London
1997,26,25.5046890274893,26.4953109725108,0.5,London
1998,26.2857142857143,25.7622125207938,26.8092160506348,0.5,London
1999,26.5857142857143,26.0351565089613,27.1362720624673,0.5,London
2000,26.9,26.3258312503546,27.4741687496455,0.5,London
2001,27.2285714285714,26.6351296787119,27.822013178431,0.5,London
2002,27.5714285714286,26.9628489568881,28.1800081859691,0.5,London
2003,27.9285714285714,27.3078485175549,28.549294339588,0.5,London
2004,28.3,27.668106501124,28.931893498876,0.5,London
2005,28.6857142857143,28.040754348951,29.3306742224776,0.5,London
2006,29.0857142857143,28.4221863225919,29.7492422488367,0.5,London
2007,29.5,28.8083411143658,30.1916588856342,0.5,London
2008,29.9285714285714,29.1951890897606,30.6619537673823,0.5,London
2009,30.3714285714286,29.5793146239076,31.1635425189496,0.5,London
2010,30.8285714285714,29.958357287075,31.6987855700679,0.5,London
2011,31.3,30.3311222791356,32.2688777208645,0.5,London
2012,31.7857142857143,30.6973749693315,32.8740536020971,0.5,London
2013,32.2857142857143,31.0574937826103,33.5139347888183,0.5,London
2014,32.8,31.4121509553233,34.1878490446767,0.5,London
2015,33.3285714285714,31.7620957825532,34.8950470745897,0.5,London
2016,33.8714285714286,32.1080375818134,35.6348195610438,0.5,London
2017,34.4285714285714,32.4505968154742,36.4065460416687,0.5,London
2018,35,32.7902940753116,37.2097059246884,0.5,London
2019,35.5857142857143,33.1275567006574,38.0438718707712,0.5,London
1990,28.0291005291006,27.3617562168425,28.6964448413586,0.75,London
1991,28.4179894179894,27.8394995948354,28.9964792411434,0.75,London
1992,28.8095238095238,28.2939819794306,29.3250656396171,0.75,London
1993,29.2037037037037,28.7236130941311,29.6837943132763,0.75,London
1994,29.6005291005291,29.1301430111046,30.0709151899536,0.75,London
1995,30,29.5189851654874,30.4810148345126,0.75,London
1996,30.4021164021164,29.8972905504844,30.9069422537484,0.75,London
1997,30.8068783068783,30.2716473894361,31.3421092243206,0.75,London
1998,31.2142857142857,30.6470171639837,31.7815542645878,0.75,London
1999,31.6243386243387,31.0267394160679,32.2219378326094,0.75,London
2000,32.0370370370371,31.412906517423,32.6611675566511,0.75,London
2001,32.452380952381,31.8067255199144,33.0980363848475,0.75,London
2002,32.8703703703704,32.2087678736504,33.5319728670904,0.75,London
2003,33.2910052910053,32.6191135301802,33.9628970518304,0.75,London
2004,33.7142857142857,33.0374151834195,34.3911562451519,0.75,London
2005,34.1402116402117,33.4629036970011,34.8175195834223,0.75,London
2006,34.5687830687831,33.8943499023989,35.2432162351673,0.75,London
2007,35,34.329998277519,35.670001722481,0.75,London
2008,35.4338624338625,34.7674983882401,36.1002264794848,0.75,London
2009,35.8703703703704,35.2038821482089,36.5368585925319,0.75,London
2010,36.3095238095238,35.6356610712494,36.9833865477982,0.75,London
2011,36.7513227513228,36.0591172792,37.4435282234455,0.75,London
2012,37.1957671957672,36.4707880358785,37.9207463556559,0.75,London
2013,37.6428571428572,36.8679971908381,38.4177170948762,0.75,London
2014,38.0925925925926,37.2491901619824,38.9359950232028,0.75,London
2015,38.5449735449736,37.6139227504698,39.4760243394774,0.75,London
2016,39,37.9625727655196,40.0374272344804,0.75,London
2017,39.457671957672,38.2959696849723,40.6193742303716,0.75,London
2018,39.9179894179894,38.615095082876,41.2208837531029,0.75,London
2019,40.3809523809524,38.9209013691578,41.841003392747,0.75,London
1990,18.1590909090909,17.6568077384242,18.6613740797576,0.25,North East
1991,18.0681818181818,17.6521554417155,18.4842081946481,0.25,North East
1992,18,17.658419126848,18.341580873152,0.25,North East
1993,17.9545454545454,17.6737906366334,18.2353002724575,0.25,North East
1994,17.9318181818182,17.6958455055162,18.1677908581202,0.25,North East
1995,17.9318181818182,17.7223989253334,18.1412374383029,0.25,North East
1996,17.9545454545454,17.7536120214646,18.1554788876263,0.25,North East
1997,18,17.7933622338674,18.2066377661325,0.25,North East
1998,18.0681818181818,17.8474435466786,18.288920089685,0.25,North East
1999,18.1590909090909,17.9208081297443,18.3973736884375,0.25,North East
2000,18.2727272727273,18.0165702196049,18.5288843258496,0.25,North East
2001,18.4090909090909,18.1362766726205,18.6819051455613,0.25,North East
2002,18.5681818181818,18.2803750207399,18.8559886156238,0.25,North East
2003,18.75,18.4485302410796,19.0514697589204,0.25,North East
2004,18.9545454545454,18.6397993171576,19.2692915919333,0.25,North East
2005,19.1818181818182,18.8527415587271,19.5108948049093,0.25,North East
2006,19.4318181818182,19.085538224115,19.7780981395213,0.25,North East
2007,19.7045454545454,19.3361722852921,20.0729186237988,0.25,North East
2008,20,19.6026733494325,20.3973266505674,0.25,North East
2009,20.3181818181818,19.883370915901,20.7529927204626,0.25,North East
2010,20.6590909090909,20.1770657771858,21.1411160409959,0.25,North East
2011,21.0227272727272,20.48306399437,21.5623905510845,0.25,North East
2012,21.4090909090909,20.8010928374258,22.017088980756,0.25,North East
2013,21.8181818181818,21.1311651683909,22.5051984679727,0.25,North East
2014,22.25,21.4734520260541,23.0265479739459,0.25,North East
2015,22.7045454545454,21.8281907788945,23.5809001301963,0.25,North East
2016,23.1818181818181,22.1956300768177,24.1680062868186,0.25,North East
2017,23.6818181818181,22.5760019471007,24.7876344165356,0.25,North East
2018,24.2045454545454,22.9695105507379,25.4395803583529,0.25,North East
2019,24.75,23.3763298900114,26.1236701099885,0.25,North East
1990,20.8571428571429,19.8709361379459,21.8433495763398,0.5,North East
1991,20.7380952380952,19.9066285430918,21.5695619330987,0.5,North East
1992,20.6527777777778,19.9602864492915,21.345269106264,0.5,North East
1993,20.6011904761905,20.030395476568,21.171985475813,0.5,North East
1994,20.5833333333333,20.1146101140992,21.0520565525674,0.5,North East
1995,20.5992063492063,20.209591495689,20.9888212027237,0.5,North East
1996,20.6488095238095,20.311661057089,20.98595799053,0.5,North East
1997,20.7321428571428,20.4192974531542,21.0449882611315,0.5,North East
1998,20.8492063492063,20.536209002531,21.1622036958817,0.5,North East
1999,21,20.6705946279686,21.3294053720314,0.5,North East
2000,21.1845238095238,20.8309098047852,21.5381378142623,0.5,North East
2001,21.4027777777777,21.0231508880679,21.7824046674876,0.5,North East
2002,21.6547619047619,21.2506965927384,22.0588272167853,0.5,North East
2003,21.9404761904762,21.5149945635193,22.365957817433,0.5,North East
2004,22.2599206349206,21.8161361806211,22.7037050892201,0.5,North East
2005,22.6130952380952,22.1531769716496,23.0730135045408,0.5,North East
2006,23,22.5242937013881,23.4757062986118,0.5,North East
2007,23.4206349206349,22.9268977280294,23.9143721132404,0.5,North East
2008,23.875,23.3578184312918,24.3921815687081,0.5,North East
2009,24.3630952380952,23.8136362954489,24.9125541807415,0.5,North East
2010,24.8849206349206,24.2911492556082,25.478692014233,0.5,North East
2011,25.4404761904761,24.7878253544575,26.0931270264948,0.5,North East
2012,26.0297619047619,25.3020498073502,26.7574740021735,0.5,North East
2013,26.6527777777777,25.8330894335369,27.4724661220186,0.5,North East
2014,27.3095238095238,26.3808635088817,28.2381841101658,0.5,North East
2015,27.9999999999999,26.9456718715674,29.0543281284325,0.5,North East
2016,28.7242063492063,27.5279798158369,29.9204328825757,0.5,North East
2017,29.4821428571428,28.128284999084,30.8360007152016,0.5,North East
2018,30.2738095238095,28.7470503602376,31.8005686873813,0.5,North East
2019,31.0992063492063,29.3846781771383,32.8137345212743,0.5,North East
1990,22.7012987012987,21.703265872436,23.6993315301613,0.75,North East
1991,22.9350649350649,22.0957121978627,23.7744176722672,0.75,North East
1992,23.1818181818182,22.4826667453812,23.8809696182551,0.75,North East
1993,23.4415584415584,22.8618250635709,24.021291819546,0.75,North East
1994,23.7142857142857,23.2299018028757,24.1986696256956,0.75,North East
1995,24,23.5830315076683,24.4169684923317,0.75,North East
1996,24.2987012987013,23.9187103260758,24.6786922713268,0.75,North East
1997,24.6103896103896,24.2389397752216,24.9818394455576,0.75,North East
1998,24.9350649350649,24.5509781417155,25.3191517284143,0.75,North East
1999,25.2727272727272,24.8639375075929,25.6815170378616,0.75,North East
2000,25.6233766233766,25.1852379012636,26.0615153454895,0.75,North East
2001,25.987012987013,25.5195925493043,26.4544334247216,0.75,North East
2002,26.3636363636363,25.869464018704,26.8578087085686,0.75,North East
2003,26.7532467532467,26.2357087554317,27.2707847510617,0.75,North East
2004,27.1558441558441,26.6180106687547,27.6936776429336,0.75,North East
2005,27.5714285714285,27.0151123086915,28.1277448341656,0.75,North East
2006,28,27.4249378750845,28.5750621249154,0.75,North East
2007,28.4415584415584,27.8447071999276,29.0384096831892,0.75,North East
2008,28.8961038961039,28.2711305607334,29.5210772314743,0.75,North East
2009,29.3636363636363,28.700737640386,30.0265350868866,0.75,North East
2010,29.8441558441558,29.1303095860718,30.5580021022398,0.75,North East
2011,30.3376623376623,29.5572833581878,31.1180413171368,0.75,North East
2012,30.8441558441558,29.979972886613,31.7083388016986,0.75,North East
2013,31.3636363636363,30.3975461557491,32.3297265715235,0.75,North East
2014,31.8961038961039,30.8098279457834,32.9823798464243,0.75,North East
2015,32.4415584415584,31.2170520648114,33.6660648183054,0.75,North East
2016,33,31.6196528480677,34.3803471519322,0.75,North East
2017,33.5714285714285,32.0181263567988,35.1247307860583,0.75,North East
2018,34.1558441558441,32.4129534516156,35.8987348600726,0.75,North East
2019,34.7532467532467,32.8045648808154,36.701928625678,0.75,North East
1990,18.6494252873563,18.4537879915622,18.8450625831505,0.25,North West
1991,18.8697318007663,18.6981641487699,19.0412994527627,0.25,North West
1992,19.0919540229885,18.9196753207041,19.2642327252729,0.25,North West
1993,19.316091954023,19.1264665186227,19.5057173894233,0.25,North West
1994,19.5421455938697,19.3280849509691,19.7562062367703,0.25,North West
1995,19.7701149425287,19.530473742516,20.0097561425414,0.25,North West
1996,20,19.7363075735968,20.2636924264032,0.25,North West
1997,20.2318007662835,19.9463188190887,20.5172827134783,0.25,North West
1998,20.4655172413793,20.16008343114,20.7709510516187,0.25,North West
1999,20.7011494252874,20.3763894631754,21.0259093873993,0.25,North West
2000,20.9386973180077,20.5934352605004,21.2839593755149,0.25,North West
2001,21.1781609195402,20.8090115986599,21.5473102404205,0.25,North West
2002,21.4195402298851,21.020744001358,21.8183364584121,0.25,North West
2003,21.6628352490421,21.2263911181421,22.0992793799422,0.25,North West
2004,21.9080459770115,21.4241194532542,22.3919725007688,0.25,North West
2005,22.1551724137931,21.6126563221387,22.6976885054475,0.25,North West
2006,22.404214559387,21.7912842206027,23.0171448981713,0.25,North West
2007,22.6551724137931,21.9597223847963,23.3506224427899,0.25,North West
2008,22.9080459770115,22.117973900177,23.698118053846,0.25,North West
2009,23.1628352490421,22.2661946641089,24.0594758339753,0.25,North West
2010,23.4195402298851,22.4046037964958,24.4344766632743,0.25,North West
2011,23.6781609195402,22.5334316128523,24.8228902262281,0.25,North West
2012,23.9386973180077,22.6528936840497,25.2245009519656,0.25,North West
2013,24.2011494252874,22.7631804055754,25.6391184449993,0.25,North West
2014,24.4655172413793,22.8644547714524,26.0665797113063,0.25,North West
2015,24.7318007662835,22.9568539971115,26.5067475354556,0.25,North West
2016,25,23.0404926339787,26.9595073660213,0.25,North West
2017,25.2701149425287,23.1154660021107,27.4247638829468,0.25,North West
2018,25.5421455938697,23.1818534128343,27.9024377749051,0.25,North West
2019,25.816091954023,23.2397209839583,28.3924629240877,0.25,North West
1990,21.207486631016,20.9908367629309,21.4241364991012,0.5,North West
1991,21.6032085561497,21.4019835228581,21.8044335894414,0.5,North West
1992,22,21.7886997880882,22.2113002119118,0.5,North West
1993,22.3978609625669,22.1605671250917,22.635154800042,0.5,North West
1994,22.7967914438503,22.5268985943422,23.0666842933583,0.5,North West
1995,23.1967914438503,22.8933371823774,23.5002457053232,0.5,North West
1996,23.5978609625668,23.2626935250604,23.9330284000733,0.5,North West
1997,24,23.6361750105422,24.3638249894579,0.5,North West
1998,24.4032085561497,24.0140896727607,24.7923274395388,0.5,North West
1999,24.807486631016,24.3961800357111,25.218793226321,0.5,North West
2000,25.2128342245989,24.7817713694021,25.6438970797957,0.5,North West
2001,25.6192513368984,25.1698362473294,26.0686664264674,0.5,North West
2002,26.0267379679144,25.5590307820863,26.4944451537426,0.5,North West
2003,26.4352941176471,25.9477383659006,26.9228498693935,0.5,North West
2004,26.8449197860963,26.3341464943473,27.3556930778452,0.5,North West
2005,27.255614973262,26.7163688741271,27.794861072397,0.5,North West
2006,27.6673796791444,27.0926030299263,28.2421563283625,0.5,North West
2007,28.0802139037433,27.461289077839,28.6991387296477,0.5,North West
2008,28.4941176470588,27.8212245475978,29.1670107465199,0.5,North West
2009,28.9090909090909,28.1716048017157,29.6465770164662,0.5,North West
2010,29.3251336898396,28.5119902006313,30.1382771790479,0.5,North West
2011,29.7422459893048,28.8422272042787,30.642264774331,0.5,North West
2012,30.1604278074866,29.1623568501366,31.1584987648366,0.5,North West
2013,30.579679144385,29.4725342955095,31.6868239932605,0.5,North West
2014,31,29.7729692565938,32.2270307434062,0.5,North West
2015,31.4213903743316,30.0638872662312,32.7788934824319,0.5,North West
2016,31.8438502673797,30.3455072533612,33.3421932813982,0.5,North West
2017,32.2673796791444,30.618030243804,33.9167291144847,0.5,North West
2018,32.6919786096257,30.8816349135837,34.5023223056677,0.5,North West
2019,33.1176470588235,31.1364770081327,35.0988171095144,0.5,North West
1990,24.5074074074074,24.1877481498777,24.8270666649371,0.75,North West
1991,25.0185185185185,24.743207704359,25.293829332678,0.75,North West
1992,25.5333333333333,25.2683201141651,25.7983465525016,0.75,North West
1993,26.0518518518519,25.7705796107465,26.3331240929573,0.75,North West
1994,26.5740740740741,26.2623558264339,26.8857923217143,0.75,North West
1995,27.1,26.75326887118,27.44673112882,0.75,North West
1996,27.6296296296296,27.2485699647041,28.0106892945552,0.75,North West
1997,28.162962962963,27.750468258017,28.575457667909,0.75,North West
1998,28.7,28.2593275290018,29.1406724709982,0.75,North West
1999,29.2407407407407,28.7743043708328,29.7071771106487,0.75,North West
2000,29.7851851851852,29.2936558172731,30.2767145530973,0.75,North West
2001,30.3333333333333,29.8149261063212,30.8517405603454,0.75,North West
2002,30.8851851851852,30.3351500138094,31.435220356561,0.75,North West
2003,31.4407407407407,30.8511460455474,32.0303354359341,0.75,North West
2004,32,31.3598902865498,32.6401097134502,0.75,North West
2005,32.562962962963,31.8588742383007,33.2670516876253,0.75,North West
2006,33.1296296296296,32.3463213514157,33.9129379078436,0.75,North West
2007,33.7,32.8212033278916,34.5787966721085,0.75,North West
2008,34.2740740740741,33.2831006295969,35.2650475185512,0.75,North West
2009,34.8518518518519,33.7320035136108,35.9717001900929,0.75,North West
2010,35.4333333333333,34.1681316203997,36.698535046267,0.75,North West
2011,36.0185185185185,34.5918050062109,37.4452320308261,0.75,North West
2012,36.6074074074074,35.0033661840808,38.211448630734,0.75,North West
2013,37.2,35.403139577736,38.996860422264,0.75,North West
2014,37.7962962962963,35.7914141763692,39.8011784162234,0.75,North West
2015,38.3962962962963,36.1684389382622,40.6241536543304,0.75,North West
2016,39,36.5344244328693,41.4655755671307,0.75,North West
2017,39.6074074074074,36.8895470693175,42.3252677454973,0.75,North West
2018,40.2185185185185,37.233954028506,43.203083008531,0.75,North West
2019,40.8333333333333,37.5677680147425,44.0988986519242,0.75,North West
1990,18.2261072261072,17.8470734043003,18.6051410479142,0.25,South East
1991,18.1188811188811,17.7951713996771,18.4425908380851,0.25,South East
1992,18.0454545454545,17.7542302854025,18.3366788055066,0.25,South East
1993,18.0058275058275,17.7239448872444,18.2877101244106,0.25,South East
1994,18,17.7086157146956,18.2913842853044,0.25,South East
1995,18.027972027972,17.715260779397,18.340683276547,0.25,South East
1996,18.0897435897436,17.7503296118513,18.4291575676359,0.25,South East
1997,18.1853146853147,17.8183044325147,18.5523249381146,0.25,South East
1998,18.3146853146853,17.9218988633975,18.7074717659731,0.25,South East
1999,18.4778554778555,18.0626177319121,18.8930932237988,0.25,South East
2000,18.6748251748252,18.2411844193921,19.1084659302582,0.25,South East
2001,18.9055944055944,18.4577899275666,19.3533988836222,0.25,South East
2002,19.1701631701631,18.7122160054945,19.6281103348318,0.25,South East
2003,19.4685314685314,19.0038790839652,19.9331838530977,0.25,South East
2004,19.8006993006993,19.3318256467731,20.2695729546254,0.25,South East
2005,20.1666666666666,19.6947024304759,20.6386309028574,0.25,South East
2006,20.5664335664335,20.0907284319353,21.0421387009317,0.25,South East
2007,21,20.5177076413817,21.4822923586182,0.25,South East
2008,21.4673659673659,20.9731316401363,21.9616002945955,0.25,South East
2009,21.9685314685314,21.4544072508026,22.4826556862602,0.25,South East
2010,22.5034965034965,21.9591846340009,23.0478083729921,0.25,South East
2011,23.072261072261,22.4856765301718,23.6588456143502,0.25,South East
2012,23.6748251748251,23.032829697407,24.3168206522432,0.25,South East
2013,24.3111888111888,23.6002880856155,25.022089536762,0.25,South East
2014,24.9813519813519,24.1882074907855,25.7744964719184,0.25,South East
2015,25.6853146853146,24.7970339218109,26.5735954488183,0.25,South East
2016,26.4230769230769,25.4273256383718,27.4188282077819,0.25,South East
2017,27.1946386946386,26.0796423848093,28.309635004468,0.25,South East
2018,27.9999999999999,26.7544905781584,29.2455094218415,0.25,South East
2019,28.8391608391608,27.4523040661199,30.2260176122017,0.25,South East
1990,20.24,19.3541337796705,21.1258662203294,0.5,South East
1991,20.4933333333333,19.7436495069794,21.2430171596872,0.5,South East
1992,20.76,20.1215075138929,21.3984924861071,0.5,South East
1993,21.04,20.4842791734033,21.5957208265967,0.5,South East
1994,21.3333333333333,20.829534933626,21.8371317330407,0.5,South East
1995,21.64,21.1581659231691,22.1218340768308,0.5,South East
1996,21.96,21.4756333526618,22.4443666473382,0.5,South East
1997,22.2933333333333,21.7902555917866,22.79641107488,0.5,South East
1998,22.64,22.1101624258406,23.1698375741593,0.5,South East
1999,23,22.4415467211438,23.5584532788561,0.5,South East
2000,23.3733333333333,22.7884805773853,23.9581860892813,0.5,South East
2001,23.76,23.1533562719247,24.3666437280753,0.5,South East
2002,24.16,23.5373410336286,24.7826589663714,0.5,South East
2003,24.5733333333333,23.9406724392148,25.2059942274518,0.5,South East
2004,25,24.362795470195,25.6372045298049,0.5,South East
2005,25.44,24.8023781993593,26.0776218006406,0.5,South East
2006,25.8933333333333,25.2572473206821,26.5294193459845,0.5,South East
2007,26.36,25.7243013664972,26.9956986335028,0.5,South East
2008,26.84,26.199502570082,27.480497429918,0.5,South East
2009,27.3333333333333,26.678098087996,27.9885685786706,0.5,South East
2010,27.84,27.1551945050465,28.5248054949534,0.5,South East
2011,28.36,27.6266025689371,29.0933974310628,0.5,South East
2012,28.8933333333333,28.0895712220312,29.6970954446354,0.5,South East
2013,29.44,28.5430015483937,30.3369984516062,0.5,South East
2014,30,28.9871060710485,31.0128939289514,0.5,South East
2015,30.5733333333333,29.4228363725322,31.7238302941344,0.5,South East
2016,31.16,29.8513971087828,32.4686028912171,0.5,South East
2017,31.76,30.2739587488583,33.2460412511416,0.5,South East
2018,32.3733333333333,30.6915349015255,34.0551317651411,0.5,South East
2019,32.9999999999999,31.104954638677,34.8950453613229,0.5,South East
1990,24.59375,23.2815906148344,25.9059093851655,0.75,South East
1991,24.7838541666667,23.668749609563,25.8989587237703,0.75,South East
1992,25,24.0508318361434,25.9491681638566,0.75,South East
1993,25.2421875,24.4239526495118,26.0604223504881,0.75,South East
1994,25.5104166666666,24.7845849961465,26.2362483371868,0.75,South East
1995,25.8046875,25.1318214043933,26.4775535956066,0.75,South East
1996,26.125,25.4697384978521,26.7802615021479,0.75,South East
1997,26.4713541666666,25.8072417178838,27.1354666154495,0.75,South East
1998,26.84375,26.1549914151221,27.5325085848779,0.75,South East
1999,27.2421875,26.5222898977339,27.962085102266,0.75,South East
2000,27.6666666666666,26.915838487769,28.4174948455643,0.75,South East
2001,28.1171875,27.3398754718318,28.8944995281681,0.75,South East
2002,28.59375,27.7967121186515,29.3907878813484,0.75,South East
2003,29.0963541666666,28.2871804078596,29.9055279254737,0.75,South East
2004,29.625,28.8108779608507,30.4391220391493,0.75,South East
2005,30.1796875,29.3662266187521,30.9931483812478,0.75,South East
2006,30.7604166666666,29.9503951438979,31.5704381894354,0.75,South East
2007,31.3671875,30.5591690878221,32.1752059121778,0.75,South East
2008,32,31.1869226047845,32.8130773952154,0.75,South East
2009,32.6588541666666,31.8269364721922,33.490771861141,0.75,South East
2010,33.3437499999999,32.4722750671669,34.215224932833,0.75,South East
2011,34.0546874999999,33.1170911634322,34.9922838365677,0.75,South East
2012,34.7916666666666,33.7577233068417,35.8256100264915,0.75,South East
2013,35.5546874999999,34.3929342398569,36.716440760143,0.75,South East
2014,36.3437499999999,35.0233040014618,37.6641959985381,0.75,South East
2015,37.1588541666666,35.6503434372261,38.6673648961071,0.75,South East
2016,37.9999999999999,36.2758057934568,39.7241942065431,0.75,South East
2017,38.8671874999999,36.9013176834484,40.8330573165515,0.75,South East
2018,39.7604166666666,37.5282444667859,41.9925888665473,0.75,South East
2019,40.6796874999999,38.1576776976885,43.2016973023114,0.75,South East
1990,18,17.5700545698454,18.4299454301546,0.25,South West
1991,17.971875,17.618101413087,18.325648586913,0.25,South West
1992,17.9625,17.6689945145282,18.2560054854718,0.25,South West
1993,17.971875,17.7204707612531,18.2232792387469,0.25,South West
1994,18,17.7713395937913,18.2286604062087,0.25,South West
1995,18.046875,17.8234560814108,18.2702939185892,0.25,South West
1996,18.1125,17.8818626967972,18.3431373032028,0.25,South West
1997,18.196875,17.9523580809836,18.4413919190164,0.25,South West
1998,18.3,18.0393406851887,18.5606593148113,0.25,South West
1999,18.421875,18.145338697007,18.698411302993,0.25,South West
2000,18.5625,18.2713603903983,18.8536396096017,0.25,South West
2001,18.721875,18.4172903256544,19.0264596743456,0.25,South West
2002,18.9,18.582145006541,19.217854993459,0.25,South West
2003,19.096875,18.764241398728,19.429508601272,0.25,South West
2004,19.3125,18.9613778008337,19.6636221991663,0.25,South West
2005,19.546875,19.1711038083134,19.9226461916866,0.25,South West
2006,19.8,19.3910795658105,20.2089204341895,0.25,South West
2007,20.071875,19.6194217501078,20.5243282498922,0.25,South West
2008,20.3625,19.8548963104091,20.8701036895909,0.25,South West
2009,20.671875,20.0969018125656,21.2468481874344,0.25,South West
2010,21,20.3453095472879,21.6546904527121,0.25,South West
2011,21.346875,20.6002709929468,22.0934790070532,0.25,South West
2012,21.7125,20.8620648727817,22.5629351272183,0.25,South West
2013,22.096875,21.1310019971561,23.0627480028439,0.25,South West
2014,22.5,21.4073766031101,23.5926233968898,0.25,South West
2015,22.921875,21.6914467050027,24.1523032949972,0.25,South West
2016,23.3625,21.9834297831951,24.7415702168049,0.25,South West
2017,23.821875,22.2835054361766,25.3602445638234,0.25,South West
2018,24.3,22.5918205429544,26.0081794570456,0.25,South West
2019,24.796875,22.9084948187475,26.6852551812524,0.25,South West
1990,20.9378881987578,20.255496967026,21.6202794304895,0.5,South West
1991,21,20.4234049318168,21.5765950681832,0.5,South West
1992,21.082298136646,20.5940071770995,21.5705890961924,0.5,South West
1993,21.1847826086956,20.7649355277888,21.6046296896025,0.5,South West
1994,21.3074534161491,20.9340756113052,21.6808312209929,0.5,South West
1995,21.4503105590062,21.101071022419,21.7995500955934,0.5,South West
1996,21.6133540372671,21.2687256891617,21.9579823853724,0.5,South West
1997,21.7965838509317,21.4425485301268,22.1506191717365,0.5,South West
1998,22,21.628627890841,22.371372109159,0.5,South West
1999,22.223602484472,21.8318974522322,22.6153075167119,0.5,South West
2000,22.4673913043478,22.0556552567415,22.8791273519542,0.5,South West
2001,22.7313664596273,22.3017845318005,23.1609483874541,0.5,South West
2002,23.0155279503106,22.5710951111962,23.4599607894249,0.5,South West
2003,23.3198757763975,22.863569709926,23.776181842869,0.5,South West
2004,23.6444099378882,23.178494772215,24.1103251035614,0.5,South West
2005,23.9891304347826,23.5145133900102,24.463747479555,0.5,South West
2006,24.3540372670807,23.8696537070937,24.8384208270677,0.5,South West
2007,24.7391304347826,24.2413979694196,25.2368629001456,0.5,South West
2008,25.1444099378882,24.6268603135169,25.6619595622595,0.5,South West
2009,25.5698757763975,25.0231065607412,26.1166449920538,0.5,South West
2010,26.0155279503105,25.4275594281068,26.6034964725143,0.5,South West
2011,26.4813664596273,25.8383387010585,27.1243942181961,0.5,South West
2012,26.9673913043478,26.2543913387361,27.6803912699595,0.5,South West
2013,27.473602484472,26.6753905197186,28.2718144492255,0.5,South West
2014,28,27.1015063515351,28.8984936484648,0.5,South West
2015,28.5465838509317,27.5331719030157,29.5599957988476,0.5,South West
2016,29.1133540372671,27.9709119740485,30.2557961004856,0.5,South West
2017,29.7003105590062,28.4152435614656,30.9853775565468,0.5,South West
2018,30.3074534161491,28.8666296297213,31.7482772025768,0.5,South West
2019,30.9347826086956,29.3254645327558,32.5441006846354,0.5,South West
1990,25.0124223602485,24.0880658806058,25.9367788398911,0.75,South West
1991,25.1304347826087,24.3515161524376,25.9093534127798,0.75,South West
1992,25.2670807453416,24.6089103010119,25.9252511896713,0.75,South West
1993,25.4223602484472,24.8568779824557,25.9878425144387,0.75,South West
1994,25.5962732919255,25.0925142986087,26.1000322852422,0.75,South West
1995,25.7888198757764,25.3156277769002,26.2620119746526,0.75,South West
1996,26,25.5306418492127,26.4693581507873,0.75,South West
1997,26.2298136645963,25.7456170664325,26.7140102627601,0.75,South West
1998,26.4782608695652,25.969072110789,26.9874496283414,0.75,South West
1999,26.7453416149068,26.2076683387953,27.2830148910184,0.75,South West
2000,27.0310559006211,26.4657067260377,27.5964050752045,0.75,South West
2001,27.3354037267081,26.7455137424313,27.9252937109848,0.75,South West
2002,27.6583850931677,27.047926266115,28.2688439202204,0.75,South West
2003,28,27.3726203007782,28.6273796992218,0.75,South West
2004,28.360248447205,27.7182806278815,29.0022162665284,0.75,South West
2005,28.7391304347826,28.0826785690719,29.3955823004933,0.75,South West
2006,29.1366459627329,28.4627456619608,29.8105462635051,0.75,South West
2007,29.5527950310559,28.8547420875266,30.2508479745852,0.75,South West
2008,29.9875776397515,29.2546002814697,30.7205549980334,0.75,South West
2009,30.4409937888199,29.6584380438729,31.2235495337668,0.75,South West
2010,30.9130434782609,30.0630967228701,31.7629902336516,0.75,South West
2011,31.4037267080745,30.4664846749949,32.3409687411541,0.75,South West
2012,31.9130434782609,30.8675999907597,32.958486965762,0.75,South West
2013,32.4409937888199,31.2662949550415,33.6156926225983,0.75,South West
2014,32.9875776397515,31.6629500545485,34.3122052249546,0.75,South West
2015,33.5527950310559,32.0581931120386,35.0473969500731,0.75,South West
2016,34.1366459627329,32.4527137228778,35.820578202588,0.75,South West
2017,34.7391304347826,32.8471638101347,36.6310970594305,0.75,South West
2018,35.360248447205,33.2421158319868,37.4783810624231,0.75,South West
2019,36,33.6380530419792,38.3619469580208,0.75,South West
1990,18.7017543859649,17.8665691202792,19.5369396516507,0.25,Wales
1991,18.4812030075188,17.7945978741668,19.1678081408708,0.25,Wales
1992,18.3007518796993,17.7317348887396,18.8697688706589,0.25,Wales
1993,18.1604010025063,17.6729393537166,18.647862651296,0.25,Wales
1994,18.0601503759399,17.6153231868462,18.5049775650335,0.25,Wales
1995,18,17.5625388100906,18.4374611899094,0.25,Wales
1996,17.9799498746867,17.5251282598043,18.4347714895691,0.25,Wales
1997,18,17.5152434606752,18.4847565393249,0.25,Wales
1998,18.0601503759399,17.5421705081128,18.578130243767,0.25,Wales
1999,18.1604010025063,17.6115262703465,18.709275734666,0.25,Wales
2000,18.3007518796993,17.7260922123195,18.8754115470791,0.25,Wales
2001,18.4812030075188,17.8866581609798,19.0757478540579,0.25,Wales
2002,18.7017543859649,18.0925020239,19.3110067480298,0.25,Wales
2003,18.9624060150376,18.3415762666085,19.5832357634666,0.25,Wales
2004,19.2631578947368,18.6305489899976,19.8957667994761,0.25,Wales
2005,19.6040100250627,18.9548762685601,20.2531437815653,0.25,Wales
2006,19.984962406015,19.3091147589197,20.6608100531104,0.25,Wales
2007,20.406015037594,19.6876246884985,21.1244053866895,0.25,Wales
2008,20.8671679197995,20.0855485555351,21.6487872840639,0.25,Wales
2009,21.3684210526316,20.4996181438694,22.2372239613937,0.25,Wales
2010,21.9097744360902,20.9283593732442,22.8911894989362,0.25,Wales
2011,22.4912280701754,21.3717069382544,23.6107492020964,0.25,Wales
2012,23.1127819548872,21.8303982167956,24.3951656929788,0.25,Wales
2013,23.7744360902255,22.3054717525144,25.2434004279367,0.25,Wales
2014,24.4761904761905,22.7979720384822,26.1544089138987,0.25,Wales
2015,25.2180451127819,23.308819723427,27.1272705021369,0.25,Wales
2016,26,23.8387766771964,28.1612233228036,0.25,Wales
2017,26.8220551378446,24.3884541942633,29.2556560814258,0.25,Wales
2018,27.6842105263158,24.9583360375656,30.4100850150659,0.25,Wales
2019,28.5864661654135,25.548803443142,31.624128887685,0.25,Wales
1990,22,20.523770406636,23.4762295933641,0.5,Wales
1991,21.8617698091383,20.6100008249408,23.1135387933358,0.5,Wales
1992,21.7622903412377,20.7022017909728,22.8223788915027,0.5,Wales
1993,21.7015615962985,20.7966001210137,22.6065230715832,0.5,Wales
1994,21.6795835743204,20.889360293824,22.4698068548169,0.5,Wales
1995,21.6963562753037,20.9785717289008,22.4141408217066,0.5,Wales
1996,21.7518796992481,21.0669822031443,22.436777195352,0.5,Wales
1997,21.8461538461539,21.1629144617954,22.5293932305124,0.5,Wales
1998,21.9791787160208,21.2777001795674,22.6806572524742,0.5,Wales
1999,22.1509543088491,21.421964952551,22.8799436651472,0.5,Wales
2000,22.3614806246385,21.6036162868277,23.1193449624494,0.5,Wales
2001,22.6107576633892,21.8276467988287,23.3938685279498,0.5,Wales
2002,22.8987854251012,22.0966384482431,23.7009324019593,0.5,Wales
2003,23.2255639097744,22.4112538491306,24.0398739704182,0.5,Wales
2004,23.5910931174089,22.7705039264014,24.4116823084164,0.5,Wales
2005,23.9953730480046,23.1718031956408,24.8189429003684,0.5,Wales
2006,24.4384037015616,23.6109118181779,25.2658955849453,0.5,Wales
2007,24.9201850780798,24.0819472417578,25.7584229144018,0.5,Wales
2008,25.4407171775593,24.5777421080183,26.3036922471002,0.5,Wales
2009,26,25.0907907648551,26.9092092351449,0.5,Wales
2010,26.598033545402,25.6146580430209,27.581409047783,0.5,Wales
2011,27.2348178137652,26.1451794641115,28.3244561634189,0.5,Wales
2012,27.9103528050896,26.6807544852822,29.1399511248971,0.5,Wales
2013,28.6246385193753,27.2217360277094,30.0275410110413,0.5,Wales
2014,29.3776749566223,27.769508735395,30.9858411778496,0.5,Wales
2015,30.1694621168305,28.3257625864042,32.0131616472569,0.5,Wales
2016,31,28.8920959591574,33.1079040408425,0.5,Wales
2017,31.8692886061307,29.4698639635373,34.2687132487241,0.5,Wales
2018,32.7773279352227,30.0601564952868,35.4944993751585,0.5,Wales
2019,33.7241179872759,30.6638287408488,36.7844072337029,0.5,Wales
1990,25.104,23.6100485274658,26.5979514725343,0.75,Wales
1991,25.0293333333334,23.7838243877249,26.2748422789418,0.75,Wales
1992,25,23.9572232955068,26.0427767044933,0.75,Wales
1993,25.016,24.1236660477077,25.9083339522923,0.75,Wales
1994,25.0773333333334,24.2782018091639,25.8764648575028,0.75,Wales
1995,25.184,24.4226078348551,25.9453921651449,0.75,Wales
1996,25.336,24.5682413809909,26.1037586190092,0.75,Wales
1997,25.5333333333333,24.7319083733685,26.3347582932981,0.75,Wales
1998,25.776,24.9290873298322,26.6229126701678,0.75,Wales
1999,26.064,25.1706693178123,26.9573306821877,0.75,Wales
2000,26.3973333333333,25.4630640797679,27.3316025868988,0.75,Wales
2001,26.776,25.8092775542553,27.7427224457448,0.75,Wales
2002,27.2,26.2097754076289,28.1902245923711,0.75,Wales
2003,27.6693333333333,26.6629269743543,28.6757396923124,0.75,Wales
2004,28.184,27.1651335948126,29.2028664051874,0.75,Wales
2005,28.744,27.7108247001835,29.7771752998165,0.75,Wales
2006,29.3493333333333,28.2925766683818,30.4060899982849,0.75,Wales
2007,30,28.9016718588456,31.0983281411544,0.75,Wales
2008,30.696,29.5292956493314,31.8627043506686,0.75,Wales
2009,31.4373333333333,30.1681101879061,32.7065564787605,0.75,Wales
2010,32.224,30.8134428200812,33.6345571799188,0.75,Wales
2011,33.056,31.4634594511998,34.6485405488002,0.75,Wales
2012,33.9333333333333,32.118446327251,35.7482203394157,0.75,Wales
2013,34.856,32.7798261430847,36.9321738569152,0.75,Wales
2014,35.824,33.4493917014085,38.1986082985915,0.75,Wales
2015,36.8373333333333,34.128876757027,39.5457899096396,0.75,Wales
2016,37.896,34.8197800098153,40.9722199901847,0.75,Wales
2017,39,35.5233280246417,42.4766719753582,0.75,Wales
2018,40.1493333333333,36.240498324805,44.0581683418616,0.75,Wales
2019,41.344,36.9720611737761,45.7159388262238,0.75,Wales
1990,18.0252100840336,16.922804504575,19.1276156634922,0.25,West Midlands
1991,17.9865546218487,17.0495432416043,18.9235660020932,0.25,West Midlands
1992,17.9781512605042,17.1842911390279,18.7720113819805,0.25,West Midlands
1993,18,17.3241852581132,18.6758147418868,0.25,West Midlands
1994,18.0521008403361,17.4659492001805,18.6382524804918,0.25,West Midlands
1995,18.1344537815126,17.6071033993587,18.6618041636665,0.25,West Midlands
1996,18.2470588235294,17.7481287752373,18.7459888718216,0.25,West Midlands
1997,18.3899159663866,17.8939369061941,18.885895026579,0.25,West Midlands
1998,18.5630252100841,18.0526280074039,19.0734224127642,0.25,West Midlands
1999,18.7663865546219,18.2325628108822,19.3002102983615,0.25,West Midlands
2000,19,18.440374550729,19.559625449271,0.25,West Midlands
2001,19.2638655462185,18.6805702342745,19.8471608581625,0.25,West Midlands
2002,19.5579831932773,18.9558974274646,20.1600689590901,0.25,West Midlands
2003,19.8823529411765,19.2678003153311,20.4969055670219,0.25,West Midlands
2004,20.236974789916,19.6167323074109,20.8572172724211,0.25,West Midlands
2005,20.6218487394958,20.0023000175042,21.2413974614875,0.25,West Midlands
2006,21.036974789916,20.4232630523182,21.6506865275139,0.25,West Midlands
2007,21.4823529411765,20.8774196507387,22.0872862316143,0.25,West Midlands
2008,21.9579831932774,21.3614281711933,22.5545382153614,0.25,West Midlands
2009,22.4638655462185,21.8706832603907,23.0570478320463,0.25,West Midlands
2010,23.0000000000001,22.3994834134214,23.6005165865787,0.25,West Midlands
2011,23.5663865546219,22.9417680928515,24.1910050163923,0.25,West Midlands
2012,24.1630252100841,23.4923938191015,24.8336566010667,0.25,West Midlands
2013,24.7899159663866,24.048293713587,25.5315382191862,0.25,West Midlands
2014,25.4470588235295,24.6087272651297,26.2853903819292,0.25,West Midlands
2015,26.1344537815127,25.1746063805602,27.0943011824651,0.25,West Midlands
2016,26.8521008403362,25.7475698467055,27.9566318339669,0.25,West Midlands
2017,27.6000000000001,26.329330924385,28.8706690756151,0.25,West Midlands
2018,28.3781512605043,26.9213783792117,29.8349241417968,0.25,West Midlands
2019,29.1865546218488,27.5249021502882,30.8482070934095,0.25,West Midlands
1990,21.1836734693877,19.2929474709414,23.074399467834,0.5,West Midlands
1991,21.0816326530612,19.4444619669823,22.7188033391402,0.5,West Midlands
1992,21.0204081632653,19.6120107537913,22.4288055727393,0.5,West Midlands
1993,21,19.7939303788533,22.2060696211467,0.5,West Midlands
1994,21.0204081632653,19.9880656539802,22.0527506725504,0.5,West Midlands
1995,21.0816326530612,20.1918831791044,21.9713821270181,0.5,West Midlands
1996,21.1836734693878,20.4030257139419,21.9643212248337,0.5,West Midlands
1997,21.3265306122449,20.6205649623251,22.0324962621648,0.5,West Midlands
1998,21.5102040816327,20.8466392948638,22.1737688684015,0.5,West Midlands
1999,21.734693877551,21.0871710997261,22.382216655376,0.5,West Midlands
2000,22,21.3505995062557,22.6494004937444,0.5,West Midlands
2001,22.3061224489796,21.6455142333932,22.966730664566,0.5,West Midlands
2002,22.6530612244898,21.9789248099288,23.3271976390509,0.5,West Midlands
2003,23.0408163265307,22.3557127707325,23.7259198823288,0.5,West Midlands
2004,23.4693877551021,22.778773359878,24.1600021503261,0.5,West Midlands
2005,23.9387755102041,23.2493000748707,24.6282509455376,0.5,West Midlands
2006,24.4489795918368,23.7669444316578,25.1310147520157,0.5,West Midlands
2007,25.0000000000001,24.3297732004558,25.6702267995443,0.5,West Midlands
2008,25.5918367346939,24.934045244988,26.2496282243999,0.5,West Midlands
2009,26.2244897959184,25.5739557446749,26.875023847162,0.5,West Midlands
2010,26.8979591836735,26.2417332123491,27.554185154998,0.5,West Midlands
2011,27.6122448979593,26.9286765445301,28.2958132513884,0.5,West Midlands
2012,28.3673469387756,27.6272763501864,29.1074175273648,0.5,West Midlands
2013,29.1632653061225,28.333260738921,29.9932698733241,0.5,West Midlands
2014,30.0000000000001,29.0459654043738,30.9540345956263,0.5,West Midlands
2015,30.8775510204082,29.767063267282,31.9880387735345,0.5,West Midlands
2016,31.795918367347,30.4990319876706,33.0928047470235,0.5,West Midlands
2017,32.7551020408164,31.2442322333042,34.2659718483287,0.5,West Midlands
2018,33.7551020408164,32.004581235425,35.5056228462079,0.5,West Midlands
2019,34.795918367347,32.7815327845058,36.8103039501882,0.5,West Midlands
1990,25.1035196687371,22.6803104481907,27.5267288892835,0.75,West Midlands
1991,25.0262249827467,22.9478735047244,27.1045764607691,0.75,West Midlands
1992,24.991718426501,23.220152052591,26.7632848004111,0.75,West Midlands
1993,25,23.4936605869042,26.5063394130958,0.75,West Midlands
1994,25.0510697032436,23.7639558429597,26.3381835635276,0.75,West Midlands
1995,25.1449275362319,24.0262591584462,26.2635959140176,0.75,West Midlands
1996,25.2815734989648,24.2773992816355,26.2857477162942,0.75,West Midlands
1997,25.4610075914424,24.518979952538,26.4030352303468,0.75,West Midlands
1998,25.6832298136646,24.7594554093023,26.6070042180269,0.75,West Midlands
1999,25.9482401656315,25.0123657051859,26.8841146260771,0.75,West Midlands
2000,26.256038647343,25.2919515675973,27.2201257270887,0.75,West Midlands
2001,26.6066252587992,25.6098372033336,27.6034133142648,0.75,West Midlands
2002,27,25.9740742994266,28.0259257005735,0.75,West Midlands
2003,27.4361628709455,26.3895270530957,28.4827986887954,0.75,West Midlands
2004,27.9151138716357,26.8585141180396,28.9717136252318,0.75,West Midlands
2005,28.4368530020705,27.3812408407419,29.492465163399,0.75,West Midlands
2006,29.0013802622499,27.9559191932353,30.0468413312644,0.75,West Midlands
2007,29.608695652174,28.5786009270453,30.6387903773026,0.75,West Midlands
2008,30.2587991718427,29.2428321765148,31.2747661671706,0.75,West Midlands
2009,30.9516908212561,29.9394163612281,31.9639652812841,0.75,West Midlands
2010,31.6873706004142,30.6568693706391,32.7178718301892,0.75,West Midlands
2011,32.4658385093168,31.3832164202754,33.5484605983583,0.75,West Midlands
2012,33.2870945479642,32.1088876978169,34.4653013981115,0.75,West Midlands
2013,34.1511387163562,32.8289549541604,35.473322478552,0.75,West Midlands
2014,35.0579710144928,33.5430857963586,36.5728562326271,0.75,West Midlands
2015,36.0075914423741,34.2537440219947,37.7614388627536,0.75,West Midlands
2016,37.0000000000001,34.9643074107829,39.0356925892173,0.75,West Midlands
2017,38.0351966873707,35.6779720550683,40.3924213196731,0.75,West Midlands
2018,39.1131815044859,36.3973596808295,41.8290033281424,0.75,West Midlands
2019,40.2339544513459,37.1244886209957,43.343420281696,0.75,West Midlands
1990,19.260606060606,18.2571066724531,20.2641054487589,0.25,Yorkshire & Humber
1991,19,18.0936164630424,19.9063835369575,0.25,Yorkshire & Humber
1992,18.7818181818181,17.945765864593,19.6178704990433,0.25,Yorkshire & Humber
1993,18.6060606060606,17.8147740107089,19.3973472014123,0.25,Yorkshire & Humber
1994,18.4727272727272,17.703932435848,19.2415221096065,0.25,Yorkshire & Humber
1995,18.3818181818181,17.6182260398414,19.1454103237948,0.25,Yorkshire & Humber
1996,18.3333333333333,17.5633539345611,19.1033127321055,0.25,Yorkshire & Humber
1997,18.3272727272727,17.5447269528124,19.109818501733,0.25,Yorkshire & Humber
1998,18.3636363636363,17.5668658426583,19.1604068846144,0.25,Yorkshire & Humber
1999,18.4424242424242,17.6332265692023,19.2516219156461,0.25,Yorkshire & Humber
2000,18.5636363636363,17.746273397373,19.3809993298997,0.25,Yorkshire & Humber
2001,18.7272727272727,17.9076302384283,19.5469152161171,0.25,Yorkshire & Humber
2002,18.9333333333333,18.118215440933,19.7484512257336,0.25,Yorkshire & Humber
2003,19.1818181818181,18.3783202820605,19.9853160815758,0.25,Yorkshire & Humber
2004,19.4727272727272,18.6876155189575,20.2578390264969,0.25,Yorkshire & Humber
2005,19.8060606060606,19.0450753653876,20.5670458467335,0.25,Yorkshire & Humber
2006,20.1818181818181,19.4488074795431,20.9148288840931,0.25,Yorkshire & Humber
2007,20.5999999999999,19.8957872863701,21.3042127136298,0.25,Yorkshire & Humber
2008,21.060606060606,20.381545868656,21.739666252556,0.25,Yorkshire & Humber
2009,21.5636363636363,20.9000002126687,22.2272725146039,0.25,Yorkshire & Humber
2010,22.1090909090909,21.4438332070715,22.7743486111102,0.25,Yorkshire & Humber
2011,22.6969696969696,22.0058372609333,23.388102133006,0.25,Yorkshire & Humber
2012,23.3272727272727,22.580899259738,24.0736461948074,0.25,Yorkshire & Humber
2013,23.9999999999999,23.167256062958,24.8327439370419,0.25,Yorkshire & Humber
2014,24.7151515151515,23.7660502956766,25.6642527346264,0.25,Yorkshire & Humber
2015,25.4727272727272,24.3798768268615,26.5655777185929,0.25,Yorkshire & Humber
2016,26.2727272727272,25.011536897407,27.5339176480475,0.25,Yorkshire & Humber
2017,27.1151515151515,25.6634362808714,28.5668667494315,0.25,Yorkshire & Humber
2018,27.9999999999999,26.3374441993955,29.6625558006044,0.25,Yorkshire & Humber
2019,28.9272727272727,27.0349508720165,30.8195945825288,0.25,Yorkshire & Humber
1990,20.9562594268476,19.1840773712013,22.728441482494,0.5,Yorkshire & Humber
1991,20.9638009049773,19.3502743173094,22.5773274926453,0.5,Yorkshire & Humber
1992,21,19.4946082404441,22.5053917595558,0.5,Yorkshire & Humber
1993,21.0648567119155,19.6207605609921,22.5089528628389,0.5,Yorkshire & Humber
1994,21.1583710407239,19.7364223282332,22.5803197532146,0.5,Yorkshire & Humber
1995,21.2805429864253,19.8519470800064,22.7091388928441,0.5,Yorkshire & Humber
1996,21.4313725490196,19.9782266027429,22.8845184952962,0.5,Yorkshire & Humber
1997,21.6108597285067,20.1249861264621,23.0967333305514,0.5,Yorkshire & Humber
1998,21.8190045248868,20.300006163738,23.3380028860357,0.5,Yorkshire & Humber
1999,22.0558069381598,20.5090636734566,23.602550202863,0.5,Yorkshire & Humber
2000,22.3212669683257,20.7561990486293,23.8863348880222,0.5,Yorkshire & Humber
2001,22.6153846153846,21.0440373450748,24.1867318856944,0.5,Yorkshire & Humber
2002,22.9381598793363,21.3740394199863,24.5022803386863,0.5,Yorkshire & Humber
2003,23.2895927601809,21.7466410639299,24.8325444564319,0.5,Yorkshire & Humber
2004,23.6696832579185,22.1612666142361,25.1780999016009,0.5,Yorkshire & Humber
2005,24.078431372549,22.6162039715143,25.5406587735836,0.5,Yorkshire & Humber
2006,24.5158371040723,23.1083198895901,25.9233543185546,0.5,Yorkshire & Humber
2007,24.9819004524886,23.6325989080316,26.3312019969456,0.5,Yorkshire & Humber
2008,25.4766214177978,24.1815492173516,26.7716936182441,0.5,Yorkshire & Humber
2009,25.9999999999999,24.7447165885751,27.2552834114248,0.5,Yorkshire & Humber
2010,26.552036199095,25.3089375798929,27.795134818297,0.5,Yorkshire & Humber
2011,27.1327300150829,25.8602293594025,28.4052306707633,0.5,Yorkshire & Humber
2012,27.7420814479637,26.3873612226297,29.0968016732978,0.5,Yorkshire & Humber
2013,28.3800904977375,26.8850230017451,29.8751579937299,0.5,Yorkshire & Humber
2014,29.0467571644042,27.3540345222293,30.739479806579,0.5,Yorkshire & Humber
2015,29.7420814479637,27.798899775102,31.6852631208255,0.5,Yorkshire & Humber
2016,30.4660633484162,28.2251110318317,32.7070156650008,0.5,Yorkshire & Humber
2017,31.2187028657616,28.637614234399,33.7997914971243,0.5,Yorkshire & Humber
2018,31.9999999999999,29.0403299168548,34.959670083145,0.5,Yorkshire & Humber
2019,32.8099547511312,29.4361946081327,36.1837148941296,0.5,Yorkshire & Humber
1990,23.2345679012345,20.2937281779143,26.1754076245547,0.75,Yorkshire & Humber
1991,23.4938271604938,20.7883530650565,26.199301255931,0.75,Yorkshire & Humber
1992,23.7777777777777,21.2475140652891,26.3080414902663,0.75,Yorkshire & Humber
1993,24.0864197530864,21.6746794636753,26.4981600424974,0.75,Yorkshire & Humber
1994,24.4197530864197,22.0768076393131,26.7626985335263,0.75,Yorkshire & Humber
1995,24.7777777777777,22.4636932881542,27.0918622674012,0.75,Yorkshire & Humber
1996,25.1604938271604,22.8465509826873,27.4744366716335,0.75,Yorkshire & Humber
1997,25.5679012345678,23.2364855263871,27.8993169427486,0.75,Yorkshire & Humber
1998,25.9999999999999,23.6433974070673,28.3566025929325,0.75,Yorkshire & Humber
1999,26.4567901234567,24.0754753649705,28.8381048819429,0.75,Yorkshire & Humber
2000,26.9382716049382,24.53913348554,29.3374097243364,0.75,Yorkshire & Humber
2001,27.4444444444444,25.039176878081,29.8497120108078,0.75,Yorkshire & Humber
2002,27.9753086419752,25.5790316841479,30.3715855998025,0.75,Yorkshire & Humber
2003,28.5308641975308,26.1609467557905,30.9007816392711,0.75,Yorkshire & Humber
2004,29.111111111111,26.786122320941,31.4360999012811,0.75,Yorkshire & Humber
2005,29.716049382716,27.4547414561996,31.9773573092324,0.75,Yorkshire & Humber
2006,30.3456790123456,28.1658805060972,32.525477518594,0.75,Yorkshire & Humber
2007,30.9999999999999,28.9172612133518,33.0827387866481,0.75,Yorkshire & Humber
2008,31.6790123456789,29.7047862485821,33.6532384427758,0.75,Yorkshire & Humber
2009,32.3827160493826,30.5217874267808,34.2436446719845,0.75,Yorkshire & Humber
2010,33.111111111111,31.3579698444388,34.8642523777832,0.75,Yorkshire & Humber
2011,33.8641975308641,32.1983127191976,35.5300823425306,0.75,Yorkshire & Humber
2012,34.6419753086419,33.0229234734868,36.261027143797,0.75,Yorkshire & Humber
2013,35.4444444444444,33.8097404447428,37.079148444146,0.75,Yorkshire & Humber
2014,36.2716049382715,34.5409249345465,38.0022849419966,0.75,Yorkshire & Humber
2015,37.1234567901234,35.2091353877823,39.0377781924644,0.75,Yorkshire & Humber
2016,37.9999999999999,35.8178682322287,40.1821317677712,0.75,Yorkshire & Humber
2017,38.9012345679012,36.3763966107984,41.4260725250039,0.75,Yorkshire & Humber
2018,39.8271604938271,36.8947045037479,42.7596164839062,0.75,Yorkshire & Humber
2019,40.7777777777777,37.3810830299911,44.1744725255643,0.75,Yorkshire & Humber
1990,19,18.7483907665561,19.2516092334438,0.25,England
1991,18.9,18.6849934344571,19.1150065655429,0.25,England
1992,18.8285714285714,18.6432559531239,19.0138869040189,0.25,England
1993,18.7857142857142,18.6224887083169,18.9489398631116,0.25,England
1994,18.7714285714285,18.6223529404002,18.9205042024569,0.25,England
1995,18.7857142857142,18.6433128380729,18.9281157333556,0.25,England
1996,18.8285714285714,18.6867969210653,18.9703459360775,0.25,England
1997,18.9,18.7548013446644,19.0451986553355,0.25,England
1998,19,18.8492693430049,19.150730656995,0.25,England
1999,19.1285714285714,18.9717117722578,19.2854310848849,0.25,England
2000,19.2857142857142,19.1231348841209,19.4482936873076,0.25,England
2001,19.4714285714285,19.3041119125804,19.6387452302766,0.25,England
2002,19.6857142857142,19.5148716214749,19.8565569499536,0.25,England
2003,19.9285714285714,19.755357610907,20.1017852462358,0.25,England
2004,20.2,20.0252537272139,20.3747462727861,0.25,England
2005,20.5,20.3239859880844,20.6760140119155,0.25,England
2006,20.8285714285714,20.6507200455816,21.0064228115612,0.25,England
2007,21.1857142857142,21.0043832912528,21.3670452801757,0.25,England
2008,21.5714285714285,21.3837465138933,21.7591106289637,0.25,England
2009,21.9857142857142,21.7875824601712,22.1838461112573,0.25,England
2010,22.4285714285714,22.2148655324991,22.6422773246436,0.25,England
2011,22.9,22.6649237123272,23.1350762876727,0.25,England
2012,23.4,23.1374689278411,23.6625310721588,0.25,England
2013,23.9285714285714,23.6325144029826,24.2246284541601,0.25,England
2014,24.4857142857143,24.1502490058623,24.8211795655662,0.25,England
2015,25.0714285714285,24.6909306222866,25.4519265205705,0.25,England
2016,25.6857142857142,25.2548203632338,26.1166082081947,0.25,England
2017,26.3285714285714,25.8421515884653,26.8149912686775,0.25,England
2018,27,26.4531202459219,27.546879754078,0.25,England
2019,27.7,27.0878856721171,28.3121143278828,0.25,England
1990,21.8315789473684,21.623655939586,22.0395019551507,0.5,England
1991,21.8631578947368,21.685498663616,22.0408171258576,0.5,England
1992,21.919298245614,21.7633984822526,22.0751980089753,0.5,England
1993,21.9999999999999,21.856821905579,22.1431780944209,0.5,England
1994,22.1052631578947,21.9663543560186,22.2441719597708,0.5,England
1995,22.2350877192982,22.0938647173204,22.3763107212759,0.5,England
1996,22.3894736842105,22.2418189599604,22.5371284084605,0.5,England
1997,22.5684210526315,22.4124348991327,22.7244072061303,0.5,England
1998,22.7719298245614,22.6073082042075,22.9365514449152,0.5,England
1999,22.9999999999999,22.8274319312838,23.1725680687161,0.5,England
2000,23.2526315789473,23.0733355612082,23.4319275966865,0.5,England
2001,23.5298245614035,23.3452054330955,23.7144436897114,0.5,England
2002,23.8315789473684,23.6429571910337,24.0202007037031,0.5,England
2003,24.1578947368421,23.9662679761873,24.3495214974968,0.5,England
2004,24.5087719298245,24.3145837190754,24.7029601405736,0.5,England
2005,24.8842105263157,24.6871197581441,25.0813012944874,0.5,England
2006,25.2842105263157,25.0828780046839,25.4855430479475,0.5,England
2007,25.7087719298245,25.5007072421545,25.9168366174945,0.5,England
2008,26.1578947368421,25.9394228919191,26.376366581765,0.5,England
2009,26.6315789473684,26.3979689263164,26.8651889684203,0.5,England
2010,27.1298245614035,26.8755634130609,27.384085709746,0.5,England
2011,27.6526315789473,27.3717634218799,27.9334997360147,0.5,England
2012,28.1999999999999,27.8864319990793,28.5135680009206,0.5,England
2013,28.7719298245614,28.4196454332356,29.1242142158871,0.5,England
2014,29.3684210526315,28.9715939485381,29.7652481567249,0.5,England
2015,29.9894736842105,29.5425073943228,30.4364399740981,0.5,England
2016,30.6350877192982,30.1326116448295,31.1375637937669,0.5,England
2017,31.3052631578947,30.7421083666676,31.8684179491218,0.5,England
2018,31.9999999999999,31.3711687643802,32.6288312356197,0.5,England
2019,32.719298245614,32.0199343140072,33.4186621772208,0.5,England
1990,25.1770833333333,24.9250954764126,25.4290711902539,0.75,England
1991,25.3749999999999,25.1590691887421,25.5909308112578,0.75,England
1992,25.5937499999999,25.4021318454109,25.7853681545889,0.75,England
1993,25.8333333333333,25.6538750155907,26.0127916510758,0.75,England
1994,26.0937499999999,25.9157076548524,26.2717923451475,0.75,England
1995,26.3749999999999,26.1906498420873,26.5593501579126,0.75,England
1996,26.6770833333333,26.4820819373497,26.8720847293169,0.75,England
1997,26.9999999999999,26.7927326370529,27.207267362947,0.75,England
1998,27.3437499999999,27.1244258880954,27.5630741119044,0.75,England
1999,27.7083333333333,27.478230420939,27.9384362457275,0.75,England
2000,28.0937499999999,27.8546664438749,28.332833556125,0.75,England
2001,28.4999999999999,28.2538524071388,28.746147592861,0.75,England
2002,28.9270833333333,28.6755845229677,29.1785821436989,0.75,England
2003,29.3749999999999,29.1193681043796,29.6306318956202,0.75,England
2004,29.8437499999999,29.5844223981185,30.1030776018814,0.75,England
2005,30.3333333333333,30.0696827302437,30.5969839364228,0.75,England
2006,30.8437499999999,30.5738292865475,31.1136707134524,0.75,England
2007,31.3749999999999,31.0953735975311,31.6546264024687,0.75,England
2008,31.9270833333333,31.6328168640463,32.2213498026202,0.75,England
2009,32.4999999999999,32.1848507604108,32.8151492395891,0.75,England
2010,33.0937499999999,32.7505261678807,33.4369738321192,0.75,England
2011,33.7083333333333,33.3293179263042,34.0873487403623,0.75,England
2012,34.3437499999999,33.9210740167202,34.7664259832797,0.75,England
2013,34.9999999999999,34.5258990879797,35.4741009120202,0.75,England
2014,35.6770833333333,35.1440342345896,36.210132432077,0.75,England
2015,36.3749999999999,35.7757679630596,36.9742320369403,0.75,England
2016,37.0937499999999,36.4213838452108,37.7661161547891,0.75,England
2017,37.8333333333333,37.0811359395348,38.5855307271318,0.75,England
2018,38.5937499999999,37.7552409407143,39.4322590592856,0.75,England
2019,39.3749999999999,38.4438788197012,40.3061211802987,0.75,England
