year,fit,lower,higher,tau,region
1990,25.8869047619047,24.7382102366482,27.0355992871612,0.25,East Midlands
1991,25.3999999999999,24.3907076054519,26.409292394548,0.25,East Midlands
1992,24.9678571428571,24.0874178048207,25.8482964808935,0.25,East Midlands
1993,24.5904761904761,23.8279416735978,25.3530107073545,0.25,East Midlands
1994,24.2678571428571,23.6117359995881,24.9239782861261,0.25,East Midlands
1995,24,23.4380715504403,24.5619284495596,0.25,East Midlands
1996,23.7869047619047,23.3060084551313,24.2678010686781,0.25,East Midlands
1997,23.6285714285714,23.2144470603554,24.0426957967873,0.25,East Midlands
1998,23.525,23.1623675090107,23.8876324909893,0.25,East Midlands
1999,23.4761904761904,23.1493704717418,23.8030104806391,0.25,East Midlands
2000,23.4821428571428,23.1763969529776,23.7878887613081,0.25,East Midlands
2001,23.5428571428571,23.2460757960393,23.8396384896749,0.25,East Midlands
2002,23.6583333333333,23.3622070295716,23.954459637095,0.25,East Midlands
2003,23.8285714285714,23.5287154851115,24.1284273720313,0.25,East Midlands
2004,24.0535714285714,23.7488416133679,24.3583012437749,0.25,East Midlands
2005,24.3333333333333,24.0248563816785,24.6418102849881,0.25,East Midlands
2006,24.6678571428571,24.3581013632905,24.9776129224237,0.25,East Midlands
2007,25.0571428571429,24.7491032911286,25.3651824231571,0.25,East Midlands
2008,25.5011904761905,25.1976315463549,25.804749406026,0.25,East Midlands
2009,26,25.7026569008301,26.2973430991699,0.25,East Midlands
2010,26.5535714285714,26.2622247082865,26.8449181488564,0.25,East Midlands
2011,27.1619047619048,26.8733352182635,27.4504743055461,0.25,East Midlands
2012,27.825,27.5320661603128,28.1179338396872,0.25,East Midlands
2013,28.5428571428572,28.2342475157115,28.8514667700028,0.25,East Midlands
2014,29.3154761904762,28.9766261614223,29.6543262195301,0.25,East Midlands
2015,30.1428571428572,29.7577324364933,30.527981849221,0.25,East Midlands
2016,31.025,30.5777506239481,31.472249376052,0.25,East Midlands
2017,31.9619047619048,31.4377351577944,32.4860743660151,0.25,East Midlands
2018,32.9535714285715,32.3389150927923,33.5682277643507,0.25,East Midlands
2019,34,33.2823590692032,34.7176409307968,0.25,East Midlands
1990,30.1923076923076,28.3990617725623,31.985553612053,0.5,East Midlands
1991,29.6923076923076,28.0923971199663,31.2922182646489,0.5,East Midlands
1992,29.2499999999999,27.8307478515105,30.6692521484894,0.5,East Midlands
1993,28.8653846153846,27.6138154395734,30.1169537911957,0.5,East Midlands
1994,28.5384615384615,27.441211288385,29.635711788538,0.5,East Midlands
1995,28.2692307692307,27.3124314803445,29.226030058117,0.5,East Midlands
1996,28.0576923076923,27.2268326107076,28.8885520046769,0.5,East Midlands
1997,27.9038461538461,27.183623165493,28.6240691421992,0.5,East Midlands
1998,27.8076923076923,27.1819039716424,28.4334806437421,0.5,East Midlands
1999,27.7692307692307,27.2208187397146,28.3176427987468,0.5,East Midlands
2000,27.7884615384615,27.2998864842491,28.2770365926739,0.5,East Midlands
2001,27.8653846153846,27.4195114680815,28.3112577626877,0.5,East Midlands
2002,28,27.581452550008,28.418547449992,0.5,East Midlands
2003,28.1923076923077,27.7888609033163,28.595754481299,0.5,East Midlands
2004,28.4423076923077,28.0457180432076,28.8388973414078,0.5,East Midlands
2005,28.75,28.3560018039266,29.1439981960734,0.5,East Midlands
2006,29.1153846153846,28.7230511675388,29.5077180632304,0.5,East Midlands
2007,29.5384615384615,29.1492947435099,29.9276283334132,0.5,East Midlands
2008,30.0192307692308,29.6362203565127,30.4022411819488,0.5,East Midlands
2009,30.5576923076923,30.1844059048638,30.9309787105208,0.5,East Midlands
2010,31.1538461538462,30.7934869162454,31.5142053914469,0.5,East Midlands
2011,31.8076923076923,31.4619932469572,32.1533913684275,0.5,East Midlands
2012,32.5192307692308,32.1870490416619,32.8514124967997,0.5,East Midlands
2013,33.2884615384615,32.9640911028003,33.6128319741227,0.5,East Midlands
2014,34.1153846153846,33.7871146956601,34.4436545351092,0.5,East Midlands
2015,35,34.6501279031786,35.3498720968214,0.5,East Midlands
2016,35.9423076923077,35.5493863847131,36.3352289999023,0.5,East Midlands
2017,36.9423076923077,36.4843708703529,37.4002445142625,0.5,East Midlands
2018,38,37.456700409732,38.5432995902681,0.5,East Midlands
2019,39.1153846153847,38.4685529881047,39.7622162426646,0.5,East Midlands
1990,34.6565656565656,31.9336859808576,37.3794453322736,0.75,East Midlands
1991,34.2727272727272,31.8402894578343,36.7051650876202,0.75,East Midlands
1992,33.9393939393939,31.7792142299914,36.0995736487963,0.75,East Midlands
1993,33.6565656565656,31.7501598939289,35.5629714192023,0.75,East Midlands
1994,33.4242424242424,31.7527328804523,35.0957519680325,0.75,East Midlands
1995,33.2424242424242,31.7864158847284,34.69843260012,0.75,East Midlands
1996,33.1111111111111,31.8505313653263,34.3716908568959,0.75,East Midlands
1997,33.030303030303,31.9442061799861,34.1163998806199,0.75,East Midlands
1998,33,32.0663595873025,33.9336404126975,0.75,East Midlands
1999,33.020202020202,32.2157681572675,33.8246358831365,0.75,East Midlands
2000,33.0909090909091,32.3913073900047,33.7905107918134,0.75,East Midlands
2001,33.2121212121212,32.5924858697262,33.8317565545162,0.75,East Midlands
2002,33.3838383838384,32.8202453975816,33.9474313700951,0.75,East Midlands
2003,33.6060606060606,33.0776229886778,34.1344982234434,0.75,East Midlands
2004,33.8787878787879,33.3696299941464,34.3879457634293,0.75,East Midlands
2005,34.2020202020202,33.7022013382589,34.7018390657815,0.75,East Midlands
2006,34.5757575757576,34.080881016057,35.0706341354581,0.75,East Midlands
2007,35,34.5099509486328,35.4900490513672,0.75,East Midlands
2008,35.4747474747475,34.9921101429569,35.9573848065381,0.75,East Midlands
2009,36,35.5284190368816,36.4715809631184,0.75,East Midlands
2010,36.5757575757576,36.1182199698451,37.03329518167,0.75,East Midlands
2011,37.2020202020202,36.7588863144028,37.6451540896376,0.75,East Midlands
2012,37.8787878787879,37.4454614962001,38.3121142613756,0.75,East Midlands
2013,38.6060606060606,38.1706473264239,39.0414738856973,0.75,East Midlands
2014,39.3838383838384,38.9260526193602,39.8416241483166,0.75,East Midlands
2015,40.2121212121212,39.7049607074786,40.7192817167639,0.75,East Midlands
2016,41.0909090909091,40.5046182588807,41.6771999229375,0.75,East Midlands
2017,42.020202020202,41.3258727619075,42.7145312784965,0.75,East Midlands
2018,43,42.171169700483,43.828830299517,0.75,East Midlands
2019,44.0303030303031,43.0430110503062,45.0175950103,0.75,East Midlands
1990,27.2999999999999,26.4117106529951,28.1882893470047,0.25,East of England
1991,26.9089285714285,26.1361308940397,27.6817262488173,0.25,East of England
1992,26.5619047619047,25.8928881090141,27.2309214147953,0.25,East of England
1993,26.2589285714285,25.6810606643989,26.8367964784581,0.25,East of England
1994,26,25.4994961135418,26.5005038864582,0.25,East of England
1995,25.785119047619,25.3469215423598,26.2233165528782,0.25,East of England
1996,25.6142857142857,25.2222947894165,26.0062766391548,0.25,East of England
1997,25.4875,25.1254475378988,25.8495524621011,0.25,East of England
1998,25.4047619047619,25.0577428460634,25.7517809634603,0.25,East of England
1999,25.3660714285714,25.0221542780176,25.7099885791253,0.25,East of England
2000,25.3714285714286,25.0225371240164,25.7203200188408,0.25,East of England
2001,25.4208333333333,25.062635935872,25.7790307307947,0.25,East of England
2002,25.5142857142857,25.1454559822535,25.883115446318,0.25,East of England
2003,25.6517857142857,25.2731002031785,26.0304712253929,0.25,East of England
2004,25.8333333333333,25.4468538114416,26.2198128552251,0.25,East of England
2005,26.0589285714286,25.6673203263287,26.4505368165285,0.25,East of England
2006,26.3285714285715,25.934519956867,26.7226229002759,0.25,East of England
2007,26.6422619047619,26.2479287543737,27.0365950551502,0.25,East of England
2008,27,26.606466859886,27.393533140114,0.25,East of England
2009,27.4017857142858,27.0084636031566,27.7951078254149,0.25,East of England
2010,27.8476190476191,27.4516536038551,28.2435844913831,0.25,East of England
2011,28.3375,27.9332883588987,28.7417116411014,0.25,East of England
2012,28.8714285714286,28.4504431439576,29.2924139988996,0.25,East of England
2013,29.4494047619048,29.0004989966253,29.8983105271843,0.25,East of England
2014,30.0714285714286,29.5816079339276,30.5612492089296,0.25,East of England
2015,30.7375000000001,30.1928917888309,31.2821082111692,0.25,East of England
2016,31.4476190476191,30.8343041120071,32.0609339832311,0.25,East of England
2017,32.2017857142858,31.5063114995585,32.8972599290131,0.25,East of England
2018,33.0000000000001,32.209591275019,33.7904087249811,0.25,East of England
2019,33.842261904762,32.9448368270369,34.7396869824871,0.25,East of England
1990,30.3,29.3741067460167,31.2258932539833,0.5,East of England
1991,30.1333333333333,29.3241092217006,30.942557444966,0.5,East of England
1992,30,29.2952212752386,30.7047787247613,0.5,East of England
1993,29.9,29.2864196552747,30.5135803447252,0.5,East of England
1994,29.8333333333333,29.2964857374023,30.3701809292644,0.5,East of England
1995,29.8,29.324175637184,30.275824362816,0.5,East of England
1996,29.8,29.3686329735889,30.2313670264111,0.5,East of England
1997,29.8333333333333,29.4300200789503,30.2366465877164,0.5,East of England
1998,29.9,29.5100318388653,30.2899681611347,0.5,East of England
1999,30,29.6118037137715,30.3881962862285,0.5,East of England
2000,30.1333333333333,29.7391668777513,30.5274997889153,0.5,East of England
2001,30.3,29.8957801591065,30.7042198408935,0.5,East of England
2002,30.5,30.0846137148607,30.9153862851393,0.5,East of England
2003,30.7333333333333,30.307824975905,31.1588416907617,0.5,East of England
2004,31,30.5668414456354,31.4331585543646,0.5,East of England
2005,31.3,30.8624905734191,31.7375094265809,0.5,East of England
2006,31.6333333333334,31.1951009379999,32.0715657286668,0.5,East of England
2007,32,31.5645514209525,32.4354485790476,0.5,East of England
2008,32.4,31.9702655687609,32.8297344312392,0.5,East of England
2009,32.8333333333334,32.4111557383605,33.2555109283062,0.5,East of England
2010,33.3,32.8855319297521,33.714468070248,0.5,East of England
2011,33.8000000000001,33.3910173468519,34.2089826531482,0.5,East of England
2012,34.3333333333334,33.9245638196304,34.7421028470364,0.5,East of England
2013,34.9000000000001,34.4827059114231,35.3172940885771,0.5,East of England
2014,35.5000000000001,35.0621304421865,35.9378695578136,0.5,East of England
2015,36.1333333333334,35.6603850630223,36.6062816036445,0.5,East of England
2016,36.8000000000001,36.27631055684,37.3236894431601,0.5,East of England
2017,37.5000000000001,36.9099400618509,38.0900599381492,0.5,East of England
2018,38.2333333333334,37.5620408514487,38.9046258152182,0.5,East of England
2019,39.0000000000001,38.2336473255935,39.7663526744067,0.5,East of England
1990,36.4821428571428,35.1650577962907,37.799227917995,0.75,East of England
1991,36.2857142857143,35.1337405618032,37.4376880096253,0.75,East of England
1992,36.125,35.1233053164248,37.1266946835752,0.75,East of England
1993,36,35.132810913576,36.867189086424,0.75,East of England
1994,35.9107142857143,35.1610351196662,36.6603934517624,0.75,East of England
1995,35.8571428571428,35.2064944962412,36.5077912180445,0.75,East of England
1996,35.8392857142857,35.2676395747456,36.4109318538258,0.75,East of England
1997,35.8571428571428,35.3433726264761,36.3709130878096,0.75,East of England
1998,35.9107142857143,35.4338896763393,36.3875388950893,0.75,East of England
1999,36,35.5414091866025,36.4585908133975,0.75,East of England
2000,36.125,35.6700760128458,36.5799239871542,0.75,East of England
2001,36.2857142857143,35.8249312896886,36.74649728174,0.75,East of England
2002,36.4821428571429,36.0107055262427,36.9535801880431,0.75,East of England
2003,36.7142857142857,36.2311206608177,37.1974507677537,0.75,East of England
2004,36.9821428571429,36.4887395406197,37.4755461736661,0.75,East of England
2005,37.2857142857143,36.7850826532016,37.786345918227,0.75,East of England
2006,37.625,37.1207860540177,38.1292139459823,0.75,East of England
2007,38,37.4957011382571,38.504298861743,0.75,East of England
2008,38.4107142857143,37.9089132331231,38.9125153383055,0.75,East of England
2009,38.8571428571429,38.3586934906266,39.3555922236592,0.75,East of England
2010,39.3392857142858,38.842432792894,39.8361386356775,0.75,East of England
2011,39.8571428571429,39.356658716499,40.3576269977869,0.75,East of England
2012,40.4107142857143,39.8972873775013,40.9241411939274,0.75,East of England
2013,41.0000000000001,40.4602168060607,41.5397831939394,0.75,East of England
2014,41.6250000000001,41.0421286802487,42.2078713197514,0.75,East of England
2015,42.2857142857144,41.6410835670571,42.9303450043716,0.75,East of England
2016,42.9821428571429,42.2565662226373,43.7077194916485,0.75,East of England
2017,43.7142857142858,42.8890662949778,44.5395051335938,0.75,East of England
2018,44.4821428571429,43.5395509101729,45.424734804113,0.75,East of England
2019,45.2857142857144,44.2090821869716,46.3623463844571,0.75,East of England
1990,26.225730994152,25.8717737610863,26.5796882272177,0.25,London
1991,26.3964912280701,26.1032837176431,26.6896987384971,0.25,London
1992,26.5824561403508,26.3387197781187,26.8261925025829,0.25,London
1993,26.7836257309941,26.57592733121,26.9913241307782,0.25,London
1994,26.9999999999999,26.8130636213334,27.1869363786665,0.25,London
1995,27.2315789473684,27.0503430780074,27.4128148167293,0.25,London
1996,27.4783625730994,27.2910128184845,27.6657123277142,0.25,London
1997,27.7403508771929,27.5398474259994,27.9408543283865,0.25,London
1998,28.0175438596491,27.801012465809,28.2340752534891,0.25,London
1999,28.3099415204678,28.0772932952806,28.5425897456549,0.25,London
2000,28.6175438596491,28.3702976964684,28.8647900228297,0.25,London
2001,28.9403508771929,28.680829076095,29.1998726782908,0.25,London
2002,29.2783625730994,29.0091497347606,29.5475754114381,0.25,London
2003,29.6315789473684,29.355121676961,29.9080362177757,0.25,London
2004,29.9999999999999,29.718264110136,30.2817358898638,0.25,London
2005,30.3836257309941,30.0977626574392,30.669488804549,0.25,London
2006,30.7824561403508,30.4924606318319,31.0724516488698,0.25,London
2007,31.1964912280701,30.9008672042184,31.4921152519219,0.25,London
2008,31.625730994152,31.3212250004895,31.9302369878145,0.25,London
2009,32.0701754385964,31.751671995543,32.3886788816499,0.25,London
2010,32.5298245614035,32.1904876031749,32.869161519632,0.25,London
2011,33.004678362573,32.6363415560171,33.373015169129,0.25,London
2012,33.4947368421052,33.0884330172571,33.9010406669534,0.25,London
2013,34,33.5464679107461,34.4535320892538,0.25,London
2014,34.5204678362573,34.0105213519782,35.0304143205364,0.25,London
2015,35.0561403508772,34.4808742723741,35.6314064293802,0.25,London
2016,35.6070175438596,34.9578852695442,36.256149818175,0.25,London
2017,36.1730994152046,35.4419133079215,36.9042855224877,0.25,London
2018,36.7543859649122,35.9332809750095,37.575490954815,0.25,London
2019,37.3508771929824,36.4322624780972,38.2694919078676,0.25,London
1990,29.4148148148148,28.9931442162547,29.8364854133748,0.5,London
1991,29.7999999999999,29.4424002071946,30.1575997928053,0.5,London
1992,30.1925925925925,29.8899059888097,30.4952791963754,0.5,London
1993,30.5925925925925,30.3344038847002,30.8507813004849,0.5,London
1994,30.9999999999999,30.7745167935655,31.2254832064344,0.5,London
1995,31.4148148148148,31.2093662110169,31.6202634186126,0.5,London
1996,31.837037037037,31.6395156957332,32.0345583783407,0.5,London
1997,32.2666666666666,32.0673653549277,32.4659679784055,0.5,London
1998,32.7037037037037,32.4963451336176,32.9110622737897,0.5,London
1999,33.1481481481481,32.9296954315065,33.3666008647897,0.5,London
2000,33.5999999999999,33.3698304163929,33.830169583607,0.5,London
2001,34.0592592592592,33.8183035084337,34.3002150100847,0.5,London
2002,34.5259259259259,34.2759918924251,34.7758599594267,0.5,London
2003,35,34.7432737475881,35.2567262524118,0.5,London
2004,35.4814814814814,35.2201392264887,35.7428237364742,0.5,London
2005,35.9703703703703,35.7062396008494,36.2345011398912,0.5,London
2006,36.4666666666666,36.2008926466577,36.7324406866755,0.5,London
2007,36.9703703703703,36.7030663587219,37.2376743820187,0.5,London
2008,37.4814814814814,37.211372230195,37.7515907327679,0.5,London
2009,38,37.7241133456605,38.2758866543394,0.5,London
2010,38.5259259259259,38.2394343637635,38.8124174880883,0.5,London
2011,39.0592592592592,38.7555795787973,39.3629389397212,0.5,London
2012,39.6,39.2711787010522,39.9288212989477,0.5,London
2013,40.1481481481481,39.7854227985052,40.510873497791,0.5,London
2014,40.7037037037037,40.2980514101106,41.1093559972967,0.5,London
2015,41.2666666666666,40.8091983467468,41.7241349865864,0.5,London
2016,41.837037037037,41.3192056035268,42.3548684705472,0.5,London
2017,42.4148148148148,41.8284811098306,43.0011485197989,0.5,London
2018,43,42.337417527564,43.6625824724359,0.5,London
2019,43.5925925925925,42.8463574233257,44.3388277618594,0.5,London
1990,35.2312499999999,34.6768154175424,35.7856845824574,0.75,London
1991,35.4653846153845,34.9916673697451,35.939101861024,0.75,London
1992,35.7216346153845,35.3186629424506,36.1246062883184,0.75,London
1993,35.9999999999999,35.6567212270702,36.3432787729297,0.75,London
1994,36.3004807692307,36.0045450382842,36.5964165001772,0.75,London
1995,36.6230769230768,36.3609588603118,36.8851949858419,0.75,London
1996,36.9677884615384,36.7256517894865,37.2099251335903,0.75,London
1997,37.3346153846153,37.0999747882571,37.5692559809735,0.75,London
1998,37.7235576923076,37.4869384037022,37.960176980913,0.75,London
1999,38.1346153846153,37.8902149215567,38.379015847674,0.75,London
2000,38.5677884615384,38.3130568616644,38.8225200614123,0.75,London
2001,39.0230769230768,38.7578203029977,39.288333543156,0.75,London
2002,39.5004807692307,39.2259773504411,39.7749841880203,0.75,London
2003,39.9999999999999,39.7182864478854,40.2817135521145,0.75,London
2004,40.5216346153845,40.2349418366427,40.8083273941263,0.75,London
2005,41.0653846153845,40.775656161085,41.3551130696841,0.75,London
2006,41.6312499999999,41.3396833924524,41.9228166075475,0.75,London
2007,42.2192307692307,41.925808455142,42.5126530833194,0.75,London
2008,42.8293269230768,42.532347199026,43.1263066471277,0.75,London
2009,43.4615384615384,43.1572212454106,43.7658556776662,0.75,London
2010,44.1158653846153,43.7981721941249,44.4335585751057,0.75,London
2011,44.7923076923076,44.4531137718339,45.1315016127813,0.75,London
2012,45.4908653846153,45.1204946273621,45.8612361418686,0.75,London
2013,46.2115384615384,45.7994837546652,46.6235931684116,0.75,London
2014,46.9543269230769,46.4899028308143,47.4187510153395,0.75,London
2015,47.7192307692307,47.1920028906607,48.2464586478007,0.75,London
2016,48.5062499999999,47.9062336284932,49.1062663715067,0.75,London
2017,49.3153846153846,48.6330853143057,49.9976839164634,0.75,London
2018,50.1466346153846,49.3730081073057,50.9202611234634,0.75,London
2019,50.9999999999999,50.1263830782239,51.873616921776,0.75,London
1990,20.590909090909,19.7789243392245,21.4028938425935,0.25,North East
1991,20.4545454545454,19.7507578990632,21.1583330100275,0.25,North East
1992,20.3575757575757,19.7539115090484,20.961240006103,0.25,North East
1993,20.3,19.788079453138,20.8119205468619,0.25,North East
1994,20.2818181818182,19.8527983947085,20.7108379689279,0.25,North East
1995,20.3030303030303,19.9473572848317,20.6587033212289,0.25,North East
1996,20.3636363636364,20.0706731175595,20.6565996097132,0.25,North East
1997,20.4636363636364,20.2211875447411,20.7060851825317,0.25,North East
1998,20.6030303030304,20.3970248909998,20.8090357150609,0.25,North East
1999,20.7818181818183,20.5969047291701,20.9667316344665,0.25,North East
2000,21.0000000000001,20.8217785003294,21.1782214996708,0.25,North East
2001,21.2575757575759,21.0754020011959,21.4397495139558,0.25,North East
2002,21.5545454545456,21.3626405596722,21.746450349419,0.25,North East
2003,21.8909090909092,21.6875202941942,22.0942978876243,0.25,North East
2004,22.2666666666668,22.0526307543436,22.4807025789901,0.25,North East
2005,22.6818181818184,22.4593586693922,22.9042776942445,0.25,North East
2006,23.1363636363638,22.9082248274608,23.3645024452669,0.25,North East
2007,23.6303030303033,23.3990879202422,23.8615181403644,0.25,North East
2008,24.1636363636366,23.9312111825063,24.3960615447669,0.25,North East
2009,24.7363636363639,24.5032404658973,24.9694868068305,0.25,North East
2010,25.3484848484851,25.1131694430322,25.5838002539381,0.25,North East
2011,26.0000000000003,25.7584168820207,26.2415831179799,0.25,North East
2012,26.6909090909094,26.4361624655809,26.9456557162379,0.25,North East
2013,27.4212121212125,27.1439433186578,27.6984809237671,0.25,North East
2014,28.1909090909094,27.8802078606153,28.5016103212036,0.25,North East
2015,29.0000000000004,28.644449524578,29.3555504754228,0.25,North East
2016,29.8484848484852,29.4369131854489,30.2600565115216,0.25,North East
2017,30.736363636364,30.2581866741725,31.2145405985556,0.25,North East
2018,31.6636363636368,31.1089140729563,32.2183586543173,0.25,North East
2019,32.6303030303035,31.9896635708819,33.2709424897251,0.25,North East
1990,24.4421052631578,23.0815751004381,25.8026354258774,0.5,North East
1991,24.2087719298244,23.0174767151296,25.4000671445193,0.5,North East
1992,24.0263157894736,22.9926830606347,25.0599485183125,0.5,North East
1993,23.8947368421052,23.0069501230802,24.7825235611302,0.5,North East
1994,23.8140350877193,23.0599208544435,24.568149320995,0.5,North East
1995,23.7842105263158,23.1510629435688,24.4173581090627,0.5,North East
1996,23.8052631578947,23.279572828811,24.3309534869784,0.5,North East
1997,23.8771929824562,23.4442425359727,24.3101434289396,0.5,North East
1998,24.0000000000001,23.6433352914231,24.356664708577,0.5,North East
1999,24.1736842105264,23.8746860990309,24.4726823220218,0.5,North East
2000,24.3982456140352,24.1365447311044,24.659946496966,0.5,North East
2001,24.6736842105264,24.4294403286404,24.9179280924125,0.5,North East
2002,25.0000000000001,24.7575168622488,25.2424831377515,0.5,North East
2003,25.3771929824563,25.1271459782679,25.6272399866447,0.5,North East
2004,25.8052631578949,25.5442063651999,26.06631995059,0.5,North East
2005,26.284210526316,26.0127130016575,26.5557080509745,0.5,North East
2006,26.8140350877195,26.5348437630655,27.0932264123736,0.5,North East
2007,27.3947368421055,27.1113343711364,27.6781393130747,0.5,North East
2008,28.026315789474,27.7417351096379,28.3108964693101,0.5,North East
2009,28.7087719298249,28.4244564565915,28.9930874030582,0.5,North East
2010,29.4421052631582,29.1566996906136,29.7275108357029,0.5,North East
2011,30.226315789474,29.9345051533362,30.5181264256119,0.5,North East
2012,31.0614035087723,30.7532755232026,31.369531494342,0.5,North East
2013,31.947368421053,31.6089117266944,32.2858251154116,0.5,North East
2014,32.8842105263162,32.498951947408,33.2694691052245,0.5,North East
2015,33.8719298245619,33.4228093702441,34.3210502788796,0.5,North East
2016,34.91052631579,34.3811184430895,35.4399341884904,0.5,North East
2017,36.0000000000005,35.3749467499049,36.6250532500961,0.5,North East
2018,37.1403508771935,36.4053306283481,37.8753711260389,0.5,North East
2019,38.331578947369,37.4731132267516,39.1900446679864,0.5,North East
1990,28.5454545454544,26.7606181907,30.3302909002088,0.75,North East
1991,28.3246753246752,26.7605344543579,29.8888161949925,0.75,North East
1992,28.1558441558441,26.797438203671,29.5142501080171,0.75,North East
1993,28.038961038961,26.871054702686,29.2068673752359,0.75,North East
1994,27.9740259740259,26.9809830609349,28.967068887117,0.75,North East
1995,27.961038961039,27.1266266862314,28.7954512358465,0.75,North East
1996,28,27.307084377318,28.6929156226821,0.75,North East
1997,28.0909090909091,27.5209925978716,28.6608255839466,0.75,North East
1998,28.2337662337663,27.7663521120105,28.701180355522,0.75,North East
1999,28.4285714285715,28.0405413746024,28.8166014825406,0.75,North East
2000,28.6753246753248,28.3410962569097,29.0095530937399,0.75,North East
2001,28.9740259740261,28.6678600423953,29.2801919056569,0.75,North East
2002,29.3246753246755,29.0251761385664,29.6241745107846,0.75,North East
2003,29.7272727272729,29.42092531085,30.0336201436959,0.75,North East
2004,30.1818181818184,29.862998492557,30.5006378710798,0.75,North East
2005,30.6883116883119,30.357009789988,31.0196135866358,0.75,North East
2006,31.2467532467535,30.9060613663993,31.5874451271077,0.75,North East
2007,31.8571428571431,31.5112218897122,32.2030638245741,0.75,North East
2008,32.5194805194808,32.1718812506026,32.8670797883591,0.75,North East
2009,33.2337662337666,32.8858238103281,33.581708657205,0.75,North East
2010,34.0000000000004,33.6491632129978,34.3508367870029,0.75,North East
2011,34.8181818181822,34.4565053725379,35.1798582638265,0.75,North East
2012,35.6883116883121,35.3018416339826,36.0747817426416,0.75,North East
2013,36.61038961039,36.1801953358408,37.0405838849393,0.75,North East
2014,37.584415584416,37.0889615218271,38.0798696470049,0.75,North East
2015,38.6103896103901,38.0278686017483,39.1929106190319,0.75,North East
2016,39.6883116883122,38.9979553878389,40.3786679887855,0.75,North East
2017,40.8181818181823,40.0006106176731,41.6357530186916,0.75,North East
2018,42.0000000000006,41.0370899046409,42.9629100953602,0.75,North East
2019,43.2337662337668,42.1083810124633,44.3591514550703,0.75,North East
1990,21.9999999999999,21.8677777637838,22.1322222362161,0.25,North West
1991,22.479755538579,22.3765978977326,22.5829131794254,0.25,North West
1992,22.9583651642474,22.8745601239723,23.0421702045226,0.25,North West
1993,23.4358288770053,23.3590401693047,23.5126175847058,0.25,North West
1994,23.9121466768525,23.8308212627156,23.9934720909894,0.25,North West
1995,24.3873185637891,24.294516991606,24.4801201359722,0.25,North West
1996,24.861344537815,24.7545149518217,24.9681741238084,0.25,North West
1997,25.3342245989304,25.2133094605468,25.455139737314,0.25,North West
1998,25.8059587471351,25.6720727593671,25.9398447349032,0.25,North West
1999,26.2765469824293,26.1312839447309,26.4218100201276,0.25,North West
2000,26.7459893048128,26.5910499299406,26.9009286796849,0.25,North West
2001,27.2142857142856,27.0512448224408,27.3773266061305,0.25,North West
2002,27.6814362108479,27.5115649463248,27.851307475371,0.25,North West
2003,28.1474407944996,27.971546751424,28.3233348375751,0.25,North West
2004,28.6122994652406,28.4305723850662,28.7940265454149,0.25,North West
2005,29.076012223071,28.8878805474462,29.2641438986958,0.25,North West
2006,29.5385790679908,29.3425980384623,29.7345600975192,0.25,North West
2007,29.9999999999999,29.7938021891693,30.2061978108306,0.25,North West
2008,30.4602750190985,30.2406107835331,30.6799392546639,0.25,North West
2009,30.9194041252864,30.6822770619404,31.1565311886324,0.25,North West
2010,31.3773873185637,31.1182569718231,31.6365176653043,0.25,North West
2011,31.8342245989304,31.5482265514857,32.1202226463751,0.25,North West
2012,32.2899159663865,31.9720525575746,32.6077793751984,0.25,North West
2013,32.7444614209319,32.3897383973828,33.0991844444811,0.25,North West
2014,33.1978609625668,32.8013687896964,33.5943531354371,0.25,North West
2015,33.650114591291,33.2070665477505,34.0931626348315,0.25,North West
2016,34.1012223071046,33.6069644825397,34.5954801316695,0.25,North West
2017,34.5511841100076,34.0011897847417,35.1011784352734,0.25,North West
2018,34.9999999999999,34.3898568084164,35.6101431915835,0.25,North West
2019,35.4476699770817,34.7730647865509,36.1222751676124,0.25,North West
1990,24.7925133689839,24.5638166002946,25.0212101376731,0.5,North West
1991,25.3967914438502,25.2104551458746,25.5831277418257,0.5,North West
1992,25.9999999999999,25.8475129399249,26.1524870600749,0.5,North West
1993,26.6021390374331,26.4730877965669,26.7311902782992,0.5,North West
1994,27.2032085561496,27.0856720805136,27.3207450317857,0.5,North West
1995,27.8032085561496,27.685943663579,27.9204734487203,0.5,North West
1996,28.4021390374331,28.2772031727619,28.5270749021042,0.5,North West
1997,28.9999999999999,28.8633847673061,29.1366152326937,0.5,North West
1998,29.5967914438502,29.4473941087032,29.7461887789971,0.5,North West
1999,30.1925133689839,30.0309279381016,30.3540987998661,0.5,North West
2000,30.787165775401,30.6148374795794,30.9594940712225,0.5,North West
2001,31.3807486631015,31.1994403849645,31.5620569412385,0.5,North West
2002,31.9732620320855,31.7846951712894,32.1618288928815,0.5,North West
2003,32.5647058823528,32.3702808080136,32.7591309566922,0.5,North West
2004,33.1550802139037,32.9556247082535,33.3545357195538,0.5,North West
2005,33.7443850267379,33.5399110890517,33.9488589644241,0.5,North West
2006,34.3326203208555,34.1220984675723,34.5431421741388,0.5,North West
2007,34.9197860962566,34.7009751223702,35.138597070143,0.5,North West
2008,35.5058823529411,35.2752717890952,35.736492916787,0.5,North West
2009,36.090909090909,35.8438204676918,36.3379977141262,0.5,North West
2010,36.6748663101603,36.4057076624848,36.9440249578359,0.5,North West
2011,37.2577540106951,36.9603576898092,37.555150331581,0.5,North West
2012,37.8395721925133,37.5075194242109,38.1716249608156,0.5,North West
2013,38.4203208556149,38.0471847441927,38.793456967037,0.5,North West
2014,38.9999999999999,38.579489601485,39.4205103985149,0.5,North West
2015,39.5786096256684,39.1046335414275,40.0525857099092,0.5,North West
2016,40.1561497326202,39.6228284101212,40.6894710551192,0.5,North West
2017,40.7326203208555,40.1342716882588,41.3309689534523,0.5,North West
2018,41.3080213903743,40.6391357753357,41.9769070054128,0.5,North West
2019,41.8823529411764,41.1375659567694,42.6271399255833,0.5,North West
1990,28.9999999999999,28.6652402267559,29.3347597732439,0.75,North West
1991,29.5839285714285,29.3010767374271,29.8667804054299,0.75,North West
1992,30.1714285714285,29.9323801418067,30.4104770010503,0.75,North West
1993,30.7624999999999,30.5578254014392,30.9671745985606,0.75,North West
1994,31.3571428571428,31.1760571326036,31.538228581682,0.75,North West
1995,31.9553571428571,31.7864692864587,32.1242449992554,0.75,North West
1996,32.5571428571428,32.3901205283671,32.7241651859184,0.75,North West
1997,33.1624999999999,32.9897073418697,33.3352926581301,0.75,North West
1998,33.7714285714285,33.5884408561393,33.9544162867176,0.75,North West
1999,34.3839285714285,34.1890168600538,34.5788402828032,0.75,North West
2000,34.9999999999999,34.7933077645018,35.206692235498,0.75,North West
2001,35.6196428571428,35.4024847741147,35.8368009401709,0.75,North West
2002,36.242857142857,36.0172204919107,36.4684937938034,0.75,North West
2003,36.8696428571428,36.6378421001318,37.1014436141537,0.75,North West
2004,37.4999999999999,37.264420975784,37.7355790242158,0.75,North West
2005,38.1339285714285,37.8968126264979,38.371044516359,0.75,North West
2006,38.7714285714285,38.5346604539009,39.0081966889561,0.75,North West
2007,39.4124999999999,39.1773730045567,39.6476269954431,0.75,North West
2008,40.0571428571428,39.8240848681006,40.2902008461849,0.75,North West
2009,40.705357142857,40.473619950881,40.9370943348331,0.75,North West
2010,41.3571428571427,41.1244936104749,41.5897921038106,0.75,North West
2011,42.0124999999999,41.7750068789701,42.2499931210296,0.75,North West
2012,42.6714285714285,42.4234688426717,42.9193883001852,0.75,North West
2013,43.3339285714285,43.0684998138613,43.5993573289956,0.75,North West
2014,43.9999999999999,43.7092673951874,44.2907326048123,0.75,North West
2015,44.6696428571427,44.3455224871985,44.9937632270869,0.75,North West
2016,45.342857142857,44.9774495668536,45.7082647188604,0.75,North West
2017,46.0196428571427,45.6054572510997,46.4338284631857,0.75,North West
2018,46.6999999999999,46.2300138882635,47.1699861117363,0.75,North West
2019,47.3839285714284,46.8515566093214,47.9163005335355,0.75,North West
1990,23.2787878787879,22.5888249634613,23.9687507941145,0.25,South East
1991,23.3090909090909,22.706460610528,23.9117212076538,0.25,South East
1992,23.3636363636364,22.838529121309,23.8887436059637,0.25,South East
1993,23.4424242424242,22.9842317395894,23.900616745259,0.25,South East
1994,23.5454545454545,23.1426778990687,23.9482311918403,0.25,South East
1995,23.6727272727273,23.3130746096323,24.0323799358222,0.25,South East
1996,23.8242424242424,23.4950938025205,24.1533910459644,0.25,South East
1997,24,23.6893237511383,24.3106762488617,0.25,South East
1998,24.2,23.8975002112109,24.5024997887891,0.25,South East
1999,24.4242424242424,24.1222485776972,24.7262362707877,0.25,South East
2000,24.6727272727273,24.3664700723002,24.9789844731543,0.25,South East
2001,24.9454545454545,24.6327791388791,25.2581299520299,0.25,South East
2002,25.2424242424242,24.9232271633605,25.561621321488,0.25,South East
2003,25.5636363636364,25.2392689620084,25.8880037652643,0.25,South East
2004,25.9090909090909,25.5818366938072,26.2363451243746,0.25,South East
2005,26.2787878787879,25.9514254329077,26.6061503246681,0.25,South East
2006,26.6727272727273,26.3481478733425,26.997306672112,0.25,South East
2007,27.0909090909091,26.7717443119993,27.4100738698189,0.25,South East
2008,27.5333333333333,27.2215445758489,27.8451220908178,0.25,South East
2009,28,27.6963852488591,28.3036147511409,0.25,South East
2010,28.4909090909091,28.1945038075082,28.7873143743099,0.25,South East
2011,29.0060606060606,28.7134779886759,29.2986432234453,0.25,South East
2012,29.5454545454545,29.2503508341423,29.8405582567668,0.25,South East
2013,30.1090909090909,29.8020914201401,30.4160903980417,0.25,South East
2014,30.6969696969697,30.3663206931832,31.0276187007562,0.25,South East
2015,31.3090909090909,30.9418687519207,31.6763130662611,0.25,South East
2016,31.9454545454545,31.5287611635315,32.3621479273775,0.25,South East
2017,32.6060606060606,32.127755105439,33.0843661066822,0.25,South East
2018,33.2909090909091,32.7398437507737,33.8419744310445,0.25,South East
2019,34,33.3659609856252,34.6340390143748,0.25,South East
1990,26.8148148148148,26.1644727199562,27.4651569096734,0.5,South East
1991,27,26.4340463415661,27.5659536584339,0.5,South East
1992,27.2037037037037,26.711772447669,27.6956349597384,0.5,South East
1993,27.4259259259259,26.9966606634592,27.8551911883926,0.5,South East
1994,27.6666666666667,27.2876527131951,28.0456806201382,0.5,South East
1995,27.9259259259259,27.5839289105379,28.267922941314,0.5,South East
1996,28.2037037037037,27.8854232940141,28.5219841133933,0.5,South East
1997,28.5,28.1933058319114,28.8066941680886,0.5,South East
1998,28.8148148148148,28.5099989063567,29.1196307232729,0.5,South East
1999,29.1481481481481,28.8386056809055,29.4576906153908,0.5,South East
2000,29.5,29.1821662311668,29.8178337688331,0.5,South East
2001,29.8703703703704,29.5431863720258,30.1975543687149,0.5,South East
2002,30.2592592592593,29.9235111237214,30.5950073947971,0.5,South East
2003,30.6666666666667,30.3243897993773,31.008943533956,0.5,South East
2004,31.0925925925926,30.7465898932742,31.438595291911,0.5,South East
2005,31.537037037037,31.1904906955716,31.8835833785025,0.5,South East
2006,32,31.6561351870868,32.3438648129132,0.5,South East
2007,32.4814814814815,32.1432365991332,32.8197263638298,0.5,South East
2008,32.9814814814815,32.6511397060276,33.3118232569354,0.5,South East
2009,33.5,33.1787390961846,33.8212609038154,0.5,South East
2010,34.037037037037,33.7243690360625,34.3497050380115,0.5,South East
2011,34.5925925925926,34.2857170405362,34.899468144649,0.5,South East
2012,35.1666666666667,34.8598816042801,35.4734517290532,0.5,South East
2013,35.7592592592592,35.443735942592,36.0747825759265,0.5,South East
2014,36.3703703703704,36.0346140741958,36.706126666545,0.5,South East
2015,37,36.630973144451,37.369026855549,0.5,South East
2016,37.6481481481481,37.2325545222196,38.0637417740767,0.5,South East
2017,38.3148148148148,37.8400019355589,38.7896276940707,0.5,South East
2018,39,38.4543284460117,39.5456715539883,0.5,South East
2019,39.7037037037037,39.0765487547074,40.3308586527,0.5,South East
1990,32.1720634920635,31.2292026482918,33.1149243358352,0.75,South East
1991,32.3466666666666,31.5202017914053,33.173131541928,0.75,South East
1992,32.5428571428571,31.8210938980281,33.2646203876861,0.75,South East
1993,32.7606349206349,32.1311399917739,33.3901298494959,0.75,South East
1994,33,32.4494782574312,33.5505217425688,0.75,South East
1995,33.2609523809524,32.7752366956353,33.7466680662695,0.75,South East
1996,33.5434920634921,33.1077987296744,33.9791853973097,0.75,South East
1997,33.847619047619,33.4472306352967,34.2480074599414,0.75,South East
1998,34.1733333333333,33.7947071559941,34.5519595106725,0.75,South East
1999,34.5206349206349,34.1526098275106,34.8886600137592,0.75,South East
2000,34.8895238095238,34.5241203986224,35.2549272204252,0.75,South East
2001,35.28,34.9125416064527,35.6474583935473,0.75,South East
2002,35.6920634920635,35.320743563243,36.063383420884,0.75,South East
2003,36.1257142857143,35.7509107356818,36.5005178357467,0.75,South East
2004,36.5809523809524,36.2045157651018,36.957388996803,0.75,South East
2005,37.0577777777778,36.6823822387189,37.4331733168366,0.75,South East
2006,37.5561904761905,37.1847419189757,37.9276390334052,0.75,South East
2007,38.0761904761905,37.7112421410562,38.4411388113247,0.75,South East
2008,38.6177777777778,38.2608894061245,38.974666149431,0.75,South East
2009,39.1809523809524,38.8319402686554,39.5299644932493,0.75,South East
2010,39.7657142857143,39.4217975733115,40.1096309981171,0.75,South East
2011,40.3720634920635,40.0270567206316,40.7170702634954,0.75,South East
2012,41,40.6439149055633,41.3560850944367,0.75,South East
2013,41.6495238095238,41.2690039848988,42.0300436341488,0.75,South East
2014,42.3206349206349,41.9002501059926,42.7410197352772,0.75,South East
2015,43.0133333333333,42.5371402204228,43.4895264462438,0.75,South East
2016,43.727619047619,43.1802932311632,44.2749448640749,0.75,South East
2017,44.4634920634921,43.8308130195871,45.096171107397,0.75,South East
2018,45.2209523809524,44.4898329979178,45.9520717639869,0.75,South East
2019,46,45.1583174485975,46.8416825514025,0.75,South East
1990,24.7619047619047,24.2470880306516,25.2767214931579,0.25,South West
1991,24.4629629629629,24.0295812185112,24.8963447074146,0.25,South West
1992,24.2089947089947,23.8470479664217,24.5709414515677,0.25,South West
1993,24,23.6983814743659,24.3016185256341,0.25,South West
1994,23.8359788359788,23.5821162255015,24.0898414464561,0.25,South West
1995,23.7169312169312,23.4967362937714,23.9371261400909,0.25,South West
1996,23.6428571428571,23.4416193851483,23.8440949005659,0.25,South West
1997,23.6137566137566,23.4182466314035,23.8092665961097,0.25,South West
1998,23.6296296296296,23.4302429034196,23.8290163558395,0.25,South West
1999,23.6904761904761,23.4818680499466,23.8990843310056,0.25,South West
2000,23.7962962962962,23.5765685644721,24.0160240281204,0.25,South West
2001,23.9470899470899,23.7165376694442,24.1776422247356,0.25,South West
2002,24.1428571428571,23.9028750903615,24.3828391953526,0.25,South West
2003,24.3835978835978,24.1358390355974,24.6313567315982,0.25,South West
2004,24.6693121693121,24.415013365695,24.9236109729292,0.25,South West
2005,24.9999999999999,24.7393905073202,25.2606094926796,0.25,South West
2006,25.3756613756613,25.1074271199897,25.6438956313329,0.25,South West
2007,25.7962962962962,25.5171494357568,26.0754431568356,0.25,South West
2008,26.2619047619047,25.9663767505537,26.5574327732557,0.25,South West
2009,26.7724867724867,26.4530625525545,27.0919109924189,0.25,South West
2010,27.3280423280422,26.9756362667264,27.6804483893581,0.25,South West
2011,27.9285714285713,27.533179648726,28.3239632084167,0.25,South West
2012,28.574074074074,28.1253756871799,29.0227724609681,0.25,South West
2013,29.2645502645502,28.7523173283462,29.7767832007542,0.25,South West
2014,29.9999999999999,29.4143049015412,30.5856950984587,0.25,South West
2015,30.7804232804232,30.1117027927075,31.4491437681389,0.25,South West
2016,31.60582010582,30.8448620079254,32.3667782037147,0.25,South West
2017,32.4761904761904,31.6140883661262,33.3382925862546,0.25,South West
2018,33.3915343915343,32.419635364157,34.3634334189116,0.25,South West
2019,34.3518518518518,33.2617079724792,35.4419957312243,0.25,South West
1990,29.2153110047847,28.67380803025,29.7568139793194,0.5,South West
1991,28.8875598086124,28.4228965314518,29.352223085773,0.5,South West
1992,28.6100478468899,28.2136784652882,29.0064172284916,0.5,South West
1993,28.3827751196172,28.0453029479521,28.7202472912822,0.5,South West
1994,28.2057416267942,27.9166777583156,28.4948054952728,0.5,South West
1995,28.078947368421,27.8266232390737,28.3312714977683,0.5,South West
1996,28.0023923444976,27.7743543544072,28.230430334588,0.5,South West
1997,27.9760765550239,27.7602467235793,28.1919063864684,0.5,South West
1998,27.9999999999999,27.7862902428051,28.2137097571948,0.5,South West
1999,28.0741626794258,27.8556038126697,28.2927215461819,0.5,South West
2000,28.1985645933014,27.9713922115556,28.4257369750471,0.5,South West
2001,28.3732057416267,28.1362162478014,28.610195235452,0.5,South West
2002,28.5980861244018,28.3518135364949,28.8443587123088,0.5,South West
2003,28.8732057416267,28.6192064988158,29.1272049844376,0.5,South West
2004,29.1985645933014,28.9388572077079,29.4582719788948,0.5,South West
2005,29.5741626794258,29.3107760001348,29.8375493587167,0.5,South West
2006,29.9999999999999,29.7345707463022,30.2654292536976,0.5,South West
2007,30.4760765550238,30.2094506233461,30.7427024867016,0.5,South West
2008,31.0023923444975,30.7342105721886,31.2705741168064,0.5,South West
2009,31.578947368421,31.3072388118004,31.8506559250416,0.5,South West
2010,32.2057416267942,31.9266071746347,32.4848760789537,0.5,South West
2011,32.8827751196171,32.5902940159638,33.1752562232704,0.5,South West
2012,33.6100478468899,33.2965147130663,33.9235809807134,0.5,South West
2013,34.3875598086123,34.0440232629553,34.7310963542694,0.5,South West
2014,35.2153110047846,34.8322263943798,35.5983956151893,0.5,South West
2015,36.0933014354066,35.6610794622394,36.5255234085738,0.5,South West
2016,37.0215311004784,36.530873754522,37.5121884464348,0.5,South West
2017,37.9999999999999,37.4420401115632,38.5579598884366,0.5,South West
2018,39.0287081339712,38.3950232915183,39.6623929764241,0.5,South West
2019,40.1076555023922,39.3902218912298,40.8250891135546,0.5,South West
1990,35.8157894736842,34.9913148247737,36.6402641225946,0.75,South West
1991,35.3784461152882,34.6659656677973,36.0909265627791,0.75,South West
1992,35,34.3875913669082,35.6124086330918,0.75,South West
1993,34.6804511278195,34.1550569001956,35.2058453554434,0.75,South West
1994,34.4197994987468,33.9669198588462,34.8726791386474,0.75,South West
1995,34.2180451127819,33.821599981342,34.6144902442219,0.75,South West
1996,34.0751879699248,33.717918195549,34.4324577443006,0.75,South West
1997,33.9912280701754,33.6560123483841,34.3264437919667,0.75,South West
1998,33.9661654135338,33.6380531468974,34.2942776801702,0.75,South West
1999,33.9999999999999,33.6679372497923,34.3320627502076,0.75,South West
2000,34.0927318295739,33.7500835545234,34.4353801046244,0.75,South West
2001,34.2443609022556,33.8883371847936,34.6003846197176,0.75,South West
2002,34.4548872180451,34.0855309992926,34.8242434367975,0.75,South West
2003,34.7243107769423,34.343523538722,35.1050980151626,0.75,South West
2004,35.0526315789473,34.6633890032942,35.4418741546004,0.75,South West
2005,35.4398496240601,35.045586675865,35.8341125722552,0.75,South West
2006,35.8859649122806,35.4900601911148,36.2818696334464,0.75,South West
2007,36.3909774436089,35.9962658306605,36.7856890565574,0.75,South West
2008,36.954887218045,36.5631429965827,37.3466314395074,0.75,South West
2009,37.5776942355889,37.189050433632,37.9663380375458,0.75,South West
2010,38.2593984962405,37.871715921726,38.647081070755,0.75,South West
2011,38.9999999999999,38.6082877884632,39.3917122115366,0.75,South West
2012,39.7994987468671,39.3956000867322,40.203397407002,0.75,South West
2013,40.657894736842,40.2306859254892,41.0851035481949,0.75,South West
2014,41.5751879699247,41.1113612302275,42.0390147096219,0.75,South West
2015,42.5513784461152,42.0365490480127,43.0662078442177,0.75,South West
2016,43.5864661654134,43.0061769232937,44.1667554075331,0.75,South West
2017,44.6804511278194,44.0208037516811,45.3400985039577,0.75,South West
2018,45.8333333333332,45.0812419181818,46.5854247484847,0.75,South West
2019,47.0451127819548,46.1883131442535,47.9019124196561,0.75,South West
1990,23.2608695652174,22.1793010141427,24.3424381162921,0.25,Wales
1991,23.1391304347826,22.1929523737302,24.0853084958351,0.25,Wales
1992,23.0521739130435,22.228306973508,23.876040852579,0.25,Wales
1993,23,22.2844519373134,23.7155480626867,0.25,Wales
1994,22.9826086956522,22.360261629097,23.6049557622074,0.25,Wales
1995,23,22.4544889448537,23.5455110551463,0.25,Wales
1996,23.0521739130435,22.5660541777915,23.5382936482955,0.25,Wales
1997,23.1391304347826,22.6945979065871,23.5836629629782,0.25,Wales
1998,23.2608695652174,22.8411379131604,23.6806012172745,0.25,Wales
1999,23.4173913043479,23.0083559791205,23.8264266295752,0.25,Wales
2000,23.608695652174,23.2001434504267,24.0172478539212,0.25,Wales
2001,23.8347826086957,23.42067068398,24.2488945334113,0.25,Wales
2002,24.0956521739131,23.673598553857,24.5177057939691,0.25,Wales
2003,24.3913043478261,23.9617305847305,24.8208781109217,0.25,Wales
2004,24.7217391304348,24.2870004053201,25.1564778555496,0.25,Wales
2005,25.0869565217392,24.6505889372544,25.523324106224,0.25,Wales
2006,25.4869565217392,25.053039101736,25.9208739417424,0.25,Wales
2007,25.9217391304348,25.4943122844529,26.3491659764168,0.25,Wales
2008,26.3913043478261,25.9737677868317,26.8088409088206,0.25,Wales
2009,26.8956521739131,26.4900606291715,27.3012437186547,0.25,Wales
2010,27.4347826086957,27.0409719604175,27.8285932569739,0.25,Wales
2011,28.008695652174,27.6232443536282,28.3941469507197,0.25,Wales
2012,28.6173913043479,28.2326185502852,29.0021640584105,0.25,Wales
2013,29.2608695652175,28.8643776147948,29.6573615156401,0.25,Wales
2014,29.9391304347827,29.5144823284108,30.3637785411546,0.25,Wales
2015,30.6521739130435,30.1806917443872,31.1236560816998,0.25,Wales
2016,31.4000000000001,30.8627867797077,31.9372132202924,0.25,Wales
2017,32.1826086956522,31.5618698233011,32.8033475680034,0.25,Wales
2018,33.0000000000001,32.2794908419722,33.720509158028,0.25,Wales
2019,33.8521739130435,33.0171116186352,34.6872362074519,0.25,Wales
1990,28.7532467532468,27.7229709342497,29.7835225722439,0.5,Wales
1991,28.4909090909091,27.595520247525,29.3862979342932,0.5,Wales
1992,28.2779220779221,27.5031807519219,29.0526634039224,0.5,Wales
1993,28.1142857142857,27.4447489845511,28.7838224440204,0.5,Wales
1994,28,27.4187583606876,28.5812416393125,0.5,Wales
1995,27.935064935065,27.4236761663493,28.4464537037806,0.5,Wales
1996,27.9194805194806,27.4584286508507,28.3805323881104,0.5,Wales
1997,27.9532467532468,27.523241180317,28.3832523261765,0.5,Wales
1998,28.0363636363637,27.6203219895566,28.4524052831708,0.5,Wales
1999,28.1688311688312,27.7536889438257,28.5839733938367,0.5,Wales
2000,28.3506493506494,27.9281199569118,28.773178744387,0.5,Wales
2001,28.5818181818182,28.1480254275799,29.0156109360566,0.5,Wales
2002,28.8623376623377,28.4168580493228,29.3078172753527,0.5,Wales
2003,29.1922077922079,28.7370318982386,29.6473836861771,0.5,Wales
2004,29.5714285714286,29.1100677835932,30.0327893592641,0.5,Wales
2005,30.0000000000001,29.5367623560233,30.4632376439768,0.5,Wales
2006,30.4779220779221,30.0172980679737,30.9385460878706,0.5,Wales
2007,31.0051948051949,30.5512723188455,31.4591172915443,0.5,Wales
2008,31.5818181818182,31.1376440129165,32.02599235072,0.5,Wales
2009,32.2077922077923,31.7746060890882,32.6409783264963,0.5,Wales
2010,32.883116883117,32.4594222970975,33.3068114691364,0.5,Wales
2011,33.6077922077923,33.1883441652403,34.0272402503442,0.5,Wales
2012,34.3818181818183,33.956839857458,34.8067965061785,0.5,Wales
2013,35.2051948051949,34.7603612135837,35.6500283968061,0.5,Wales
2014,36.0779220779222,35.5954801998669,36.5603639559774,0.5,Wales
2015,37.0000000000001,36.4606660142085,37.5393339857916,0.5,Wales
2016,37.9714285714287,37.3561423730529,38.5867147698044,0.5,Wales
2017,38.9922077922079,38.2831255266541,39.7012900577616,0.5,Wales
2018,40.0623376623378,39.2430972730055,40.88157805167,0.5,Wales
2019,41.1818181818183,40.2374067418157,42.1262296218208,0.5,Wales
1990,34.2548076923077,32.6556176731033,35.8539977115121,0.75,Wales
1991,34,32.5877086220506,35.4122913779494,0.75,Wales
1992,33.795405982906,32.5535787387335,35.0372332270785,0.75,Wales
1993,33.6410256410257,32.5522946381335,34.7297566439179,0.75,Wales
1994,33.536858974359,32.5827162237302,34.4910017249878,0.75,Wales
1995,33.482905982906,32.6435532225225,34.3222587432895,0.75,Wales
1996,33.4791666666667,32.7335623634242,34.2247709699091,0.75,Wales
1997,33.5256410256411,32.8519637080144,34.1993183432677,0.75,Wales
1998,33.6223290598291,32.999054089457,34.2456040302012,0.75,Wales
1999,33.7692307692308,33.1767545777161,34.3617069607455,0.75,Wales
2000,33.9663461538462,33.3886621963248,34.5440301113676,0.75,Wales
2001,34.2136752136753,33.6394362204996,34.7879142068509,0.75,Wales
2002,34.511217948718,33.933872628669,35.088563268767,0.75,Wales
2003,34.8589743589744,34.2761768564168,35.441771861532,0.75,Wales
2004,35.2569444444445,34.6696396380877,35.8442492508013,0.75,Wales
2005,35.7051282051283,35.1166146350545,36.293641775202,0.75,Wales
2006,36.2035256410257,35.6186210561991,36.7884302258523,0.75,Wales
2007,36.7521367521368,36.1764484905834,37.3278250136903,0.75,Wales
2008,37.3509615384616,36.7902016863968,37.9117213905264,0.75,Wales
2009,38.0000000000001,37.4592524879284,38.5407475120717,0.75,Wales
2010,38.6992521367522,38.1820729197588,39.2164313537456,0.75,Wales
2011,39.448717948718,38.9559323846949,39.9415035127411,0.75,Wales
2012,40.2483974358975,39.7765052132268,40.7202896585682,0.75,Wales
2013,41.0982905982907,40.637648757466,41.5589324391153,0.75,Wales
2014,41.9983974358975,41.531981194887,42.464813676908,0.75,Wales
2015,42.948717948718,42.4528142541144,43.4446216433217,0.75,Wales
2016,43.9492521367522,43.3965346763516,44.5019695971529,0.75,Wales
2017,45.0000000000001,44.3632527558349,45.6367472441653,0.75,Wales
2018,46.1009615384616,45.355344710738,46.8465783661853,0.75,Wales
2019,47.2521367521368,46.3756897269313,48.1285837773424,0.75,Wales
1990,27.2666666666666,26.0983732825264,28.4349600508068,0.25,West Midlands
1991,26.6,25.5787216367128,27.6212783632871,0.25,West Midlands
1992,26,25.1120871115157,26.8879128884842,0.25,West Midlands
1993,25.4666666666666,24.6975016463649,26.2358316869684,0.25,West Midlands
1994,25,24.3337308658683,25.6662691341316,0.25,West Midlands
1995,24.6,24.0193284567655,25.1806715432344,0.25,West Midlands
1996,24.2666666666667,23.7528934610197,24.7804398723136,0.25,West Midlands
1997,24,23.5336515581634,24.4663484418366,0.25,West Midlands
1998,23.8,23.3622652380658,24.2377347619342,0.25,West Midlands
1999,23.6666666666667,23.2413475642429,24.0919857690905,0.25,West Midlands
2000,23.6,23.1751022766249,24.0248977233751,0.25,West Midlands
2001,23.6,23.1682561330363,24.0317438669638,0.25,West Midlands
2002,23.6666666666667,23.2250574173842,24.1082759159491,0.25,West Midlands
2003,23.8,23.348805186957,24.2511948130431,0.25,West Midlands
2004,24,23.5418186659032,24.4581813340968,0.25,West Midlands
2005,24.2666666666667,23.8055868319878,24.7277465013456,0.25,West Midlands
2006,24.6,24.1409265470957,25.0590734529043,0.25,West Midlands
2007,25,24.5480793012633,25.4519206987368,0.25,West Midlands
2008,25.4666666666667,25.0267240995774,25.906609233756,0.25,West Midlands
2009,26.0000000000001,25.5758944128987,26.4241055871014,0.25,West Midlands
2010,26.6000000000001,26.1937873225901,27.00621267741,0.25,West Midlands
2011,27.2666666666667,26.8774756144357,27.6558577188977,0.25,West Midlands
2012,28.0000000000001,27.6226387948341,28.377361205166,0.25,West Midlands
2013,28.8000000000001,28.4236759978097,29.1763240021904,0.25,West Midlands
2014,29.6666666666667,29.2747450094257,30.0585883239078,0.25,West Midlands
2015,30.6000000000001,30.1716420467935,31.0283579532066,0.25,West Midlands
2016,31.6000000000001,31.1130845537556,32.0869154462446,0.25,West Midlands
2017,32.6666666666668,32.1002247381412,33.2331085951924,0.25,West Midlands
2018,33.8000000000001,33.1352233740958,34.4647766259044,0.25,West Midlands
2019,35.0000000000001,34.2201976848083,35.779802315192,0.25,West Midlands
1990,32.3684210526315,30.8574061675917,33.8794359376714,0.5,West Midlands
1991,31.6491228070175,30.3174357894146,32.9808098246204,0.5,West Midlands
1992,31,29.8326772264845,32.1673227735154,0.5,West Midlands
1993,30.4210526315789,29.402367161,31.4397381021578,0.5,West Midlands
1994,29.9122807017544,29.0255357986952,30.7990256048135,0.5,West Midlands
1995,29.4736842105263,28.7010130449895,30.2463553760631,0.5,West Midlands
1996,29.1052631578947,28.4275336219115,29.7829926938779,0.5,West Midlands
1997,28.8070175438596,28.204036144529,29.4099989431902,0.5,West Midlands
1998,28.578947368421,28.0302175868019,29.1276771500401,0.5,West Midlands
1999,28.4210526315789,27.9072021678517,28.9349030953062,0.5,West Midlands
2000,28.3333333333333,27.8378865120445,28.8287801546221,0.5,West Midlands
2001,28.3157894736842,27.8265625432043,28.8050164041641,0.5,West Midlands
2002,28.3684210526316,27.8779854169267,28.8588566883365,0.5,West Midlands
2003,28.4912280701755,27.9964815958048,28.9859745445461,0.5,West Midlands
2004,28.6842105263158,28.1854784616424,29.1829425909892,0.5,West Midlands
2005,28.9473684210527,28.4474170678906,29.4473197742147,0.5,West Midlands
2006,29.280701754386,28.7838434053654,29.7775601034066,0.5,West Midlands
2007,29.6842105263158,29.1955173646448,30.1729036879869,0.5,West Midlands
2008,30.1578947368422,29.682455877549,30.6333335961353,0.5,West Midlands
2009,30.701754385965,30.243868410426,31.1596403615039,0.5,West Midlands
2010,31.3157894736843,30.8779572376307,31.7536217097379,0.5,West Midlands
2011,32.0000000000001,31.5815816141501,32.41841838585,0.5,West Midlands
2012,32.7543859649123,32.3499045853707,33.158867344454,0.5,West Midlands
2013,33.5789473684211,33.1764533671817,33.9814413696605,0.5,West Midlands
2014,34.4736842105264,34.0543169140683,34.8930515069845,0.5,West Midlands
2015,35.4385964912282,34.9784773336651,35.8987156487913,0.5,West Midlands
2016,36.4736842105264,35.9474512522543,36.9999171687985,0.5,West Midlands
2017,37.5789473684212,36.9626709572984,38.195223779544,0.5,West Midlands
2018,38.7543859649124,38.0267012964464,39.4820706333784,0.5,West Midlands
2019,40.0000000000001,39.1419844221624,40.8580155778378,0.5,West Midlands
1990,37.7390648567119,35.9940930233339,39.4840366900899,0.75,West Midlands
1991,37.095525389643,35.557670469859,38.633380309427,0.75,West Midlands
1992,36.5158371040724,35.1671763654097,37.864497842735,0.75,West Midlands
1993,36,34.8215769733092,37.1784230266907,0.75,West Midlands
1994,35.5480140774258,34.5195782796516,36.5764498752,0.75,West Midlands
1995,35.1598793363499,34.2596635509779,36.0600951217219,0.75,West Midlands
1996,34.8355957767722,34.0402860809096,35.6309054726349,0.75,West Midlands
1997,34.5751633986928,33.8603302016421,35.2899965957435,0.75,West Midlands
1998,34.3785822021116,33.7198547500158,35.0373096542074,0.75,West Midlands
1999,34.2458521870287,33.6208263499821,34.8708780240752,0.75,West Midlands
2000,34.1769733534439,33.5672735764577,34.7866731304302,0.75,West Midlands
2001,34.1719457013575,33.564574565824,34.7793168368909,0.75,West Midlands
2002,34.2307692307692,33.6183065874479,34.8432318740906,0.75,West Midlands
2003,34.3534439416793,33.7333398888246,34.9735479945339,0.75,West Midlands
2004,34.5399698340875,33.9134513134726,35.1664883547024,0.75,West Midlands
2005,34.790346907994,34.1613181717639,35.4193756442241,0.75,West Midlands
2006,35.1045751633987,34.4786607915338,35.7304895352636,0.75,West Midlands
2007,35.4826546003017,34.8663816341026,36.0989275665008,0.75,West Midlands
2008,35.9245852187029,35.3246293050719,36.524541132334,0.75,West Midlands
2009,36.4303670186024,35.852751650426,37.0079823867787,0.75,West Midlands
2010,37.0000000000001,36.4491067073332,37.5508932926669,0.75,West Midlands
2011,37.633484162896,37.1107032302217,38.1562650955703,0.75,West Midlands
2012,38.3308195072902,37.8327057334545,38.8289332811259,0.75,West Midlands
2013,39.0920060331826,38.6080934870213,39.5759185793439,0.75,West Midlands
2014,39.9170437405732,39.4282647572707,40.4058227238757,0.75,West Midlands
2015,40.8059326294621,40.2853866005821,41.3264786583422,0.75,West Midlands
2016,41.7586726998493,41.175390037499,42.3419553621995,0.75,West Midlands
2017,42.7752639517346,42.0987130265492,43.4518148769201,0.75,West Midlands
2018,43.8557063851183,43.0583685072821,44.6530442629544,0.75,West Midlands
2019,45.0000000000001,44.0577804878608,45.9422195121394,0.75,West Midlands
1990,21.9142300194931,20.392517019415,23.4359430195713,0.25,Yorkshire & Humber
1991,22,20.6294891500786,23.3705108499213,0.25,Yorkshire & Humber
1992,22.1140350877193,20.8808591448122,23.3472110306263,0.25,Yorkshire & Humber
1993,22.256335282651,21.1462483763193,23.3664221889828,0.25,Yorkshire & Humber
1994,22.4269005847953,21.4253250282902,23.4284761413004,0.25,Yorkshire & Humber
1995,22.625730994152,21.7178884150985,23.5335735732055,0.25,Yorkshire & Humber
1996,22.8528265107212,22.0239901922308,23.6816628292116,0.25,Yorkshire & Humber
1997,23.1081871345029,22.3440792279723,23.8722950410335,0.25,Yorkshire & Humber
1998,23.391812865497,22.6791316732961,24.104494057698,0.25,Yorkshire & Humber
1999,23.7037037037037,23.0307083378042,24.3766990696031,0.25,Yorkshire & Humber
2000,24.0438596491228,23.4008916423244,24.6868276559212,0.25,Yorkshire & Humber
2001,24.4122807017543,23.7921019698431,25.0324594336656,0.25,Yorkshire & Humber
2002,24.8089668615984,24.2068490746401,25.4110846485567,0.25,Yorkshire & Humber
2003,25.2339181286549,24.6474952449979,25.820341012312,0.25,Yorkshire & Humber
2004,25.6871345029239,25.1160821695001,26.2581868363478,0.25,Yorkshire & Humber
2005,26.1686159844054,25.6142301019337,26.7230018668771,0.25,Yorkshire & Humber
2006,26.6783625730994,26.1430856767591,27.2136394694397,0.25,Yorkshire & Humber
2007,27.2163742690058,26.7032814664688,27.7294670715428,0.25,Yorkshire & Humber
2008,27.7826510721247,27.2948677285269,28.2704344157225,0.25,Yorkshire & Humber
2009,28.3771929824561,27.9171750448161,28.8372109200961,0.25,Yorkshire & Humber
2010,29,28.5685654396126,29.4314345603874,0.25,Yorkshire & Humber
2011,29.6510721247563,29.2460535960798,30.0560906534328,0.25,Yorkshire & Humber
2012,30.3304093567251,29.9449115669085,30.7159071465417,0.25,Yorkshire & Humber
2013,31.0380116959064,30.6587353869176,31.4172880048952,0.25,Yorkshire & Humber
2014,31.7738791423002,31.3808081277931,32.1669501568072,0.25,Yorkshire & Humber
2015,32.5380116959064,32.1066880086347,32.9693353831781,0.25,Yorkshire & Humber
2016,33.3304093567251,32.835783380903,33.8250353325473,0.25,Yorkshire & Humber
2017,34.1510721247563,33.5703163883389,34.7318278611737,0.25,Yorkshire & Humber
2018,35,34.3132939452156,35.6867060547843,0.25,Yorkshire & Humber
2019,35.8771929824561,35.0673124106508,36.6870735542614,0.25,Yorkshire & Humber
1990,24.6961038961039,23.1435119841336,26.2486958080742,0.5,Yorkshire & Humber
1991,25,23.5981124806939,26.4018875193061,0.5,Yorkshire & Humber
1992,25.3205194805195,24.0561565129976,26.5848824480413,0.5,Yorkshire & Humber
1993,25.6576623376623,24.5173150469525,26.7980096283721,0.5,Yorkshire & Humber
1994,26.0114285714285,24.9812940203076,27.0415631225495,0.5,Yorkshire & Humber
1995,26.3818181818182,25.4479005032378,27.3157358603985,0.5,Yorkshire & Humber
1996,26.7688311688311,25.9171394989363,27.6205228387259,0.5,Yorkshire & Humber
1997,27.1724675324675,26.3893346383701,27.9556004265649,0.5,Yorkshire & Humber
1998,27.5927272727272,26.8652474287327,28.3202071167217,0.5,Yorkshire & Humber
1999,28.0296103896104,27.3461512714567,28.7130695077641,0.5,Yorkshire & Humber
2000,28.4831168831169,27.8338152410023,29.1324185252315,0.5,Yorkshire & Humber
2001,28.9532467532467,28.3303810084406,29.5761124980529,0.5,Yorkshire & Humber
2002,29.44,28.8381622890363,30.0418377109637,0.5,Yorkshire & Humber
2003,29.9433766233766,29.3594270466416,30.5273262001116,0.5,Yorkshire & Humber
2004,30.4633766233766,29.8962171643902,31.030536082363,0.5,Yorkshire & Humber
2005,31,30.4502287535097,31.5497712464903,0.5,Yorkshire & Humber
2006,31.5532467532467,31.0227439123379,32.0837495941556,0.5,Yorkshire & Humber
2007,32.1231168831168,31.6145859646294,32.6316478016043,0.5,Yorkshire & Humber
2008,32.7096103896104,32.2260631670771,33.1931576121436,0.5,Yorkshire & Humber
2009,33.3127272727272,32.8568621520769,33.7685923933776,0.5,Yorkshire & Humber
2010,33.9324675324675,33.5058471744042,34.3590878905308,0.5,Yorkshire & Humber
2011,34.5688311688311,34.1707250015409,34.9669373361214,0.5,Yorkshire & Humber
2012,35.2218181818181,34.8476023373547,35.5960340262816,0.5,Yorkshire & Humber
2013,35.8914285714285,35.5307286111781,36.252128531679,0.5,Yorkshire & Humber
2014,36.5776623376623,36.213216337343,36.9421083379816,0.5,Yorkshire & Humber
2015,37.2805194805194,36.8893710014052,37.6716679596337,0.5,Yorkshire & Humber
2016,38,37.5571428734641,38.4428571265358,0.5,Yorkshire & Humber
2017,38.7361038961039,38.2180644105479,39.2541433816598,0.5,Yorkshire & Humber
2018,39.4888311688311,38.8751769091255,40.1024854285368,0.5,Yorkshire & Humber
2019,40.2581818181818,39.5313611834024,40.9850024529611,0.5,Yorkshire & Humber
1990,30.21875,25.7317387376318,34.7057612623681,0.75,Yorkshire & Humber
1991,30.4583333333333,26.3900424431463,34.5266242235203,0.75,Yorkshire & Humber
1992,30.71875,27.0466564000658,34.3908435999341,0.75,Yorkshire & Humber
1993,31,27.701445786712,34.298554213288,0.75,Yorkshire & Humber
1994,31.3020833333333,28.3542442846856,34.249922381981,0.75,Yorkshire & Humber
1995,31.625,29.0048460726201,34.2451539273798,0.75,Yorkshire & Humber
1996,31.96875,29.6529963079406,34.2845036920593,0.75,Yorkshire & Humber
1997,32.3333333333333,30.2983806892172,34.3682859774493,0.75,Yorkshire & Humber
1998,32.71875,30.9406160505782,34.4968839494217,0.75,Yorkshire & Humber
1999,33.125,31.5792468708553,34.6707531291446,0.75,Yorkshire & Humber
2000,33.5520833333333,32.2137583764861,34.8904082901805,0.75,Yorkshire & Humber
2001,34,32.8436270704611,35.1563729295388,0.75,Yorkshire & Humber
2002,34.46875,33.4684436591129,35.469056340887,0.75,Yorkshire & Humber
2003,34.9583333333333,34.0881529391755,35.8285137274911,0.75,Yorkshire & Humber
2004,35.46875,34.7034333053849,36.234066694615,0.75,Yorkshire & Humber
2005,36,35.316144227944,36.683855772056,0.75,Yorkshire & Humber
2006,36.5520833333333,35.9296117981218,37.1745548685448,0.75,Yorkshire & Humber
2007,37.125,36.5484529461523,37.7015470538476,0.75,Yorkshire & Humber
2008,37.71875,37.1778458699977,38.2596541300023,0.75,Yorkshire & Humber
2009,38.3333333333333,37.8225050687135,38.8441615979531,0.75,Yorkshire & Humber
2010,38.96875,38.4857132411791,39.4517867588208,0.75,Yorkshire & Humber
2011,39.625,39.1685151079187,40.0814848920812,0.75,Yorkshire & Humber
2012,40.3020833333333,39.8689292554953,40.7352374111712,0.75,Yorkshire & Humber
2013,41,40.5811652943501,41.4188347056498,0.75,Yorkshire & Humber
2014,41.71875,41.2956713632601,42.1418286367398,0.75,Yorkshire & Humber
2015,42.4583333333333,42.0018146194601,42.9148520472065,0.75,Yorkshire & Humber
2016,43.21875,42.6928387532537,43.7446612467462,0.75,Yorkshire & Humber
2017,44,43.3681099252033,44.6318900747966,0.75,Yorkshire & Humber
2018,44.8020833333333,44.0306320088262,45.5735346578404,0.75,Yorkshire & Humber
2019,45.625,44.6839312931678,46.5660687068322,0.75,Yorkshire & Humber
1990,24.0761904761906,23.9924885589688,24.1598923934125,0.25,England
1991,24.0000000000002,23.9348912081954,24.0651087918049,0.25,England
1992,23.9542857142859,23.9028186965311,24.0057527320407,0.25,England
1993,23.9390476190478,23.8943129871395,23.9837822509561,0.25,England
1994,23.9542857142859,23.9086401675321,23.9999312610397,0.25,England
1995,24.0000000000002,23.9479953556546,24.0520046443458,0.25,England
1996,24.0761904761907,24.0154120763258,24.1369688760556,0.25,England
1997,24.1828571428574,24.1128334614572,24.2528808242576,0.25,England
1998,24.3200000000003,24.2412289468296,24.3987710531709,0.25,England
1999,24.4876190476193,24.4010599684192,24.5741781268194,0.25,England
2000,24.6857142857146,24.5925415647338,24.7788870066953,0.25,England
2001,24.914285714286,24.815760285908,25.012811142664,0.25,England
2002,25.1733333333336,25.070725318908,25.2759413477593,0.25,England
2003,25.4628571428574,25.3573891858354,25.5683250998794,0.25,England
2004,25.7828571428574,25.6756531390321,25.8900611466828,0.25,England
2005,26.1333333333337,26.0253634551717,26.2413032114956,0.25,England
2006,26.514285714286,26.4063013400053,26.6222700885668,0.25,England
2007,26.9257142857146,26.8181683944158,27.0332601770135,0.25,England
2008,27.3676190476194,27.2605709908002,27.4746671044386,0.25,England
2009,27.8400000000004,27.7330106483626,27.9469893516382,0.25,England
2010,28.3428571428575,28.2348928032323,28.4508214824827,0.25,England
2011,28.8761904761908,28.7655687079225,28.9868122444592,0.25,England
2012,29.4400000000004,29.3244154344332,29.5555845655676,0.25,England
2013,30.0342857142861,29.9109330945534,30.1576383340188,0.25,England
2014,30.659047619048,30.5248149465737,30.7932802915224,0.25,England
2015,31.3142857142861,31.1659560059366,31.4626154226357,0.25,England
2016,32.0000000000004,31.8344061810445,32.1655938189563,0.25,England
2017,32.7161904761909,32.5303031662145,32.9020777861673,0.25,England
2018,33.4628571428576,33.2538160653756,33.6718982203396,0.25,England
2019,34.2400000000004,34.0051107335371,34.4748892664638,0.25,England
1990,27.4333333333336,27.252906241324,27.6137604253431,0.5,England
1991,27.5410714285717,27.3859041123316,27.6962387448118,0.5,England
1992,27.6714285714288,27.538153875252,27.8047032676057,0.5,England
1993,27.824404761905,27.7092531102178,27.9395564135922,0.5,England
1994,28.0000000000003,27.8987663796922,28.1012336203084,0.5,England
1995,28.1982142857146,28.1063823613305,28.2900462100986,0.5,England
1996,28.4190476190479,28.3321669275196,28.5059283105762,0.5,England
1997,28.6625000000003,28.5767367301358,28.7482632698648,0.5,England
1998,28.9285714285717,28.8411423514378,29.0160005057057,0.5,England
1999,29.2172619047622,29.1265364239497,29.3079873855747,0.5,England
2000,29.5285714285717,29.4339017757217,29.6232410814218,0.5,England
2001,29.8625000000003,29.7639577008426,29.961042299158,0.5,England
2002,30.2190476190479,30.1171813272195,30.3209139108764,0.5,England
2003,30.5982142857146,30.4938611797988,30.7025673916304,0.5,England
2004,31.0000000000003,30.8941430979567,31.105856902044,0.5,England
2005,31.4244047619051,31.3180584170132,31.530751106797,0.5,England
2006,31.8714285714289,31.7655348838547,31.9773222590031,0.5,England
2007,32.3410714285718,32.2363926840051,32.4457501731385,0.5,England
2008,32.8333333333337,32.7303281391875,32.9363385274799,0.5,England
2009,33.3482142857147,33.2468898390269,33.4495387324024,0.5,England
2010,33.8857142857147,33.785459147971,33.9859694234583,0.5,England
2011,34.4458333333337,34.3452599585623,34.5464067081052,0.5,England
2012,35.0285714285718,34.9254316372734,35.1317112198702,0.5,England
2013,35.633928571429,35.5251773664046,35.7426797764534,0.5,England
2014,36.2619047619052,36.1439336854228,36.3798758383875,0.5,England
2015,36.9125000000004,36.7814585254225,37.0435414745783,0.5,England
2016,37.5857142857147,37.4377894455295,37.7336391258999,0.5,England
2017,38.281547619048,38.1131268555851,38.449968382511,0.5,England
2018,39.0000000000004,38.8077246371824,39.1922753628185,0.5,England
2019,39.7410714285719,39.5218250874248,39.9603177697189,0.5,England
1990,32.1534391534394,31.8679229718105,32.4389553350684,0.75,England
1991,32.3333333333336,32.0860223711314,32.5806442955358,0.75,England
1992,32.5343915343918,32.3208910362419,32.7478920325418,0.75,England
1993,32.7566137566141,32.5721091354121,32.941118377816,0.75,England
1994,33.0000000000003,32.8391854830841,33.1608145169165,0.75,England
1995,33.2645502645506,33.1216602762588,33.4074402528424,0.75,England
1996,33.5502645502649,33.4193271370363,33.6812019634935,0.75,England
1997,33.8571428571432,33.7325101231988,33.9817755910875,0.75,England
1998,34.1851851851855,34.0621753134168,34.3081950569542,0.75,England
1999,34.5343915343919,34.4097176158319,34.6590654529518,0.75,England
2000,34.9047619047622,34.7765770934023,35.0329467161222,0.75,England
2001,35.2962962962967,35.1639589641399,35.4286336284535,0.75,England
2002,35.7089947089951,35.572743382115,35.8452460358752,0.75,England
2003,36.1428571428575,36.0035108730828,36.2822034126323,0.75,England
2004,36.597883597884,36.4565993977386,36.7391677980293,0.75,England
2005,37.0740740740745,36.9321514322247,37.2159967159242,0.75,England
2006,37.571428571429,37.4301387722865,37.7127183705714,0.75,England
2007,38.0899470899475,37.9503640118346,38.2295301680603,0.75,England
2008,38.62962962963,38.4924409835877,38.7668182756724,0.75,England
2009,39.1904761904766,39.055760254746,39.3251921262072,0.75,England
2010,39.7724867724872,39.6394565985221,39.9055169464523,0.75,England
2011,40.3756613756618,40.2424165730539,40.5089061782697,0.75,England
2012,41.0000000000004,40.8633827926777,41.1366172073232,0.75,England
2013,41.6455026455031,41.5011814335516,41.7898238574546,0.75,England
2014,42.3121693121697,42.1549895763161,42.4693490480234,0.75,England
2015,43.0000000000004,42.8244722869023,43.1755277130986,0.75,England
2016,43.7089947089952,43.5097105158757,43.9082789021146,0.75,England
2017,44.4391534391539,44.2110151886286,44.6672916896792,0.75,England
2018,45.1904761904767,44.9287617343419,45.4521906466114,0.75,England
2019,45.9629629629634,45.6632979090613,46.2626280168656,0.75,England
