year,injdurI,pc
1990,0,0.0621160409556314
1990,1,0.0921501706484642
1990,2,0.101023890784983
1990,3,0.0784982935153584
1990,4,0.089419795221843
1990,5,0.0812286689419795
1990,6,0.0641638225255973
1990,7,0.0484641638225256
1990,8,0.0491467576791809
1990,9,0.0368600682593857
1990,10,0.0559726962457338
1990,11,0.23481228668942
1990,12,0.00136518771331058
1990,13,0.00068259385665529
1990,14,0.00136518771331058
1990,15,0.00068259385665529
1990,16,0
1990,17,0
1990,18,0.00068259385665529
1990,19,0
1990,20,0
1990,21,0
1990,22,0.00068259385665529
1990,23,0
1990,24,0.00068259385665529
1990,25,0
1990,26,0
1990,27,0
1990,28,0
1990,29,0
1990,30,0
1990,31,0
1990,32,0
1990,33,0
1990,34,0
1990,35,0
1990,36,0
1990,37,0
1990,38,0
1990,39,0
1990,40,0
1991,0,0.0309798270893372
1991,1,0.0720461095100865
1991,2,0.0835734870317003
1991,3,0.0749279538904899
1991,4,0.05835734870317
1991,5,0.0612391930835735
1991,6,0.0612391930835735
1991,7,0.0547550432276657
1991,8,0.0547550432276657
1991,9,0.0497118155619597
1991,10,0.053314121037464
1991,11,0.0410662824207493
1991,12,0.0864553314121038
1991,13,0.0302593659942363
1991,14,0.0180115273775216
1991,15,0.026657060518732
1991,16,0.0194524495677233
1991,17,0.00864553314121038
1991,18,0.0129682997118156
1991,19,0.0129682997118156
1991,20,0.0144092219020173
1991,21,0.0115273775216138
1991,22,0.0129682997118156
1991,23,0.00792507204610951
1991,24,0.00648414985590778
1991,25,0.010806916426513
1991,26,0.00648414985590778
1991,27,0.00576368876080692
1991,28,0.00720461095100865
1991,29,0.00288184438040346
1991,30,0
1991,31,0.00144092219020173
1991,32,0
1991,33,0
1991,34,0
1991,35,0
1991,36,0
1991,37,0
1991,38,0.000720461095100865
1991,39,0
1991,40,0
1992,0,0.031843233312921
1992,1,0.0750153092467851
1992,2,0.0924678505817514
1992,3,0.067360685854256
1992,4,0.0664421310471525
1992,5,0.069197795468463
1992,6,0.0707287201469688
1992,7,0.0679730557256583
1992,8,0.0532761788120025
1992,9,0.0548071034905083
1992,10,0.0569503980404164
1992,11,0.0416411512553582
1992,12,0.0333741579914268
1992,13,0.0284751990202082
1992,14,0.0241886099203919
1992,15,0.0202082057562768
1992,16,0.0177587262706675
1992,17,0.0137783221065524
1992,18,0.0174525413349663
1992,19,0.0134721371708512
1992,20,0.0199020208205756
1992,21,0.0125535823637477
1992,22,0.0091855480710349
1992,23,0.00949173300673607
1992,24,0.00796080832823025
1992,25,0.00734843845682792
1992,26,0.00581751377832211
1992,27,0.00398040416411513
1992,28,0.0033680342927128
1992,29,0.00153092467850582
1992,30,0.00122473974280465
1992,31,0.000306184935701164
1992,32,0.000612369871402327
1992,33,0
1992,34,0
1992,35,0.000306184935701164
1992,36,0
1992,37,0
1992,38,0
1992,39,0
1992,40,0
1993,0,0.0683424980361351
1993,1,0.0930871956009427
1993,2,0.0895522388059701
1993,3,0.0636292223095051
1993,4,0.0663786331500393
1993,5,0.0577376276512176
1993,6,0.0557737627651218
1993,7,0.0542026708562451
1993,8,0.0604870384917518
1993,9,0.0471327572663001
1993,10,0.0459544383346426
1993,11,0.0384917517674784
1993,12,0.0435978004713276
1993,13,0.0318146111547526
1993,14,0.0267085624509034
1993,15,0.0204241948153967
1993,16,0.0196386488609584
1993,17,0.0129615082482325
1993,18,0.0106048703849175
1993,19,0.0133542812254517
1993,20,0.0149253731343284
1993,21,0.0102120974076984
1993,22,0.0129615082482325
1993,23,0.00903377847604085
1993,24,0.00746268656716418
1993,25,0.00471327572663001
1993,26,0.00471327572663001
1993,27,0.00589159465828751
1993,28,0.00157109190887667
1993,29,0.00314218381775334
1993,30,0.00274941084053417
1993,31,0.000785545954438335
1993,32,0.000392772977219167
1993,33,0
1993,34,0
1993,35,0
1993,36,0
1993,37,0
1993,38,0
1993,39,0.000392772977219167
1993,40,0.000392772977219167
1994,0,0.0699426111908178
1994,1,0.0857245337159254
1994,2,0.0824964131994261
1994,3,0.0634863701578192
1994,4,0.0649210903873745
1994,5,0.0555954088952654
1994,6,0.0588235294117647
1994,7,0.0498565279770445
1994,8,0.052725968436155
1994,9,0.0512912482065997
1994,10,0.046987087517934
1994,11,0.0487804878048781
1994,12,0.0441176470588235
1994,13,0.0308464849354376
1994,14,0.0272596843615495
1994,15,0.0251076040172166
1994,16,0.0182926829268293
1994,17,0.0179340028694405
1994,18,0.0157819225251076
1994,19,0.0104017216642755
1994,20,0.0104017216642755
1994,21,0.00860832137733142
1994,22,0.00932568149210904
1994,23,0.00896700143472023
1994,24,0.00860832137733142
1994,25,0.0078909612625538
1994,26,0.00645624103299857
1994,27,0.00645624103299857
1994,28,0.00502152080344333
1994,29,0.00179340028694405
1994,30,0.00215208034433286
1994,31,0.00179340028694405
1994,32,0.000358680057388809
1994,33,0.000358680057388809
1994,34,0.000358680057388809
1994,35,0.000358680057388809
1994,36,0
1994,37,0
1994,38,0
1994,39,0.000358680057388809
1994,40,0
1995,0,0.0646029609690444
1995,1,0.0780619111709287
1995,2,0.075818752803948
1995,3,0.0690892777030058
1995,4,0.0551816958277254
1995,5,0.0628084342754598
1995,6,0.0394795872588605
1995,7,0.0484522207267833
1995,8,0.0497981157469717
1995,9,0.0520412741139525
1995,10,0.0515926424405563
1995,11,0.0596680125616869
1995,12,0.0399282189322566
1995,13,0.0453117990130103
1995,14,0.0323014804845222
1995,15,0.0278151637505608
1995,16,0.0179452669358457
1995,17,0.0152534768954688
1995,18,0.0130103185284881
1995,19,0.0121130551816958
1995,20,0.0107671601615074
1995,21,0.0116644235082997
1995,22,0.0116644235082997
1995,23,0.00762673844773441
1995,24,0.00942126514131898
1995,25,0.00762673844773441
1995,26,0.00628084342754599
1995,27,0.00358905338716913
1995,28,0.00493494840735756
1995,29,0.00493494840735756
1995,30,0.0053835800807537
1995,31,0.00134589502018843
1995,32,0.000897263346792284
1995,33,0.00134589502018843
1995,34,0.000448631673396142
1995,35,0.000448631673396142
1995,36,0.000448631673396142
1995,37,0.000448631673396142
1995,38,0
1995,39,0
1995,40,0
1996,0,0.0662717512032581
1996,1,0.0770085153646797
1996,2,0.0810810810810811
1996,3,0.0799703813402444
1996,4,0.0640503517215846
1996,5,0.0670122176971492
1996,6,0.0540540540540541
1996,7,0.0481303221029249
1996,8,0.0425768233987412
1996,9,0.0440577563865235
1996,10,0.0496112550907071
1996,11,0.0396149574231766
1996,12,0.0377637911884487
1996,13,0.034061458718993
1996,14,0.0381340244353943
1996,15,0.024435394298408
1996,16,0.0207330618289522
1996,17,0.0214735283228434
1996,18,0.0151795631247686
1996,19,0.0118474639022584
1996,20,0.0111069974083673
1996,21,0.00851536467974824
1996,22,0.0107367641614217
1996,23,0.00851536467974824
1996,24,0.00888559792669382
1996,25,0.00740466493891151
1996,26,0.00777489818585709
1996,27,0.00555349870418364
1996,28,0.00259163272861903
1996,29,0.00222139948167345
1996,30,0.00481303221029248
1996,31,0.0014809329877823
1996,32,0.00185116623472788
1996,33,0.00111069974083673
1996,34,0
1996,35,0.000370233246945576
1996,36,0
1996,37,0
1996,38,0
1996,39,0
1996,40,0
1997,0,0.0788107597923549
1997,1,0.0986314299197735
1997,2,0.097215667767815
1997,3,0.0660689004247286
1997,4,0.0651250589900897
1997,5,0.0571024067956583
1997,6,0.049079754601227
1997,7,0.0476639924492685
1997,8,0.0443605474280321
1997,9,0.0415290231241151
1997,10,0.0401132609721567
1997,11,0.0410571024067957
1997,12,0.0330344502123643
1997,13,0.0330344502123643
1997,14,0.0311467673430864
1997,15,0.0268994808872109
1997,16,0.0264275601698915
1997,17,0.0174610665408211
1997,18,0.0160453043888627
1997,19,0.00613496932515337
1997,20,0.0132137800849457
1997,21,0.00802265219443134
1997,22,0.00802265219443134
1997,23,0.00849457291175083
1997,24,0.00755073147711185
1997,25,0.00424728645587541
1997,26,0.00566304860783388
1997,27,0.00896649362907032
1997,28,0.00566304860783388
1997,29,0.00141576215195847
1997,30,0.00377536573855592
1997,31,0.00283152430391694
1997,32,0.00047192071731949
1997,33,0.00188768286927796
1997,34,0.00141576215195847
1997,35,0.00047192071731949
1997,36,0.00047192071731949
1997,37,0
1997,38,0
1997,39,0
1997,40,0
1998,0,0.0772372818418121
1998,1,0.0898626067582622
1998,2,0.0946899368733754
1998,3,0.0776086149275901
1998,4,0.0601559598960267
1998,5,0.0642406238395841
1998,6,0.0493873004084664
1998,7,0.0445599702933531
1998,8,0.0427033048644634
1998,9,0.0360193093204605
1998,10,0.0397326401782399
1998,11,0.0278499814333457
1998,12,0.0315633122911251
1998,13,0.0315633122911251
1998,14,0.0308206461195693
1998,15,0.0304493130337913
1998,16,0.0278499814333457
1998,17,0.0271073152617898
1998,18,0.0155959896026736
1998,19,0.0111399925733383
1998,20,0.0107686594875603
1998,21,0.0155959896026736
1998,22,0.00928332714444857
1998,23,0.00631266245822503
1998,24,0.00854066097289269
1998,25,0.00742666171555886
1998,26,0.00891199405867063
1998,27,0.00631266245822503
1998,28,0.00334199777200149
1998,29,0.00297066468622354
1998,30,0.0025993316004456
1998,31,0.00371333085777943
1998,32,0.00111399925733383
1998,33,0.00111399925733383
1998,34,0
1998,35,0
1998,36,0.000371333085777943
1998,37,0.000371333085777943
1998,38,0.000371333085777943
1998,39,0
1998,40,0.000371333085777943
1999,0,0.0737342847434591
1999,1,0.0937818552497452
1999,2,0.0971797485558953
1999,3,0.0798504926945294
1999,4,0.0659191301393136
1999,5,0.0567448182127081
1999,6,0.0482500849473327
1999,7,0.0509683995922528
1999,8,0.0434930343187224
1999,9,0.0404349303431872
1999,10,0.037037037037037
1999,11,0.0336391437308868
1999,12,0.0336391437308868
1999,13,0.0285423037716616
1999,14,0.0271831464492015
1999,15,0.0282025144410466
1999,16,0.0220863064899762
1999,17,0.0278627251104315
1999,18,0.0163098878695209
1999,19,0.0159700985389059
1999,20,0.0101936799184506
1999,21,0.0091743119266055
1999,22,0.00713557594291539
1999,23,0.0105334692490656
1999,24,0.0054366292898403
1999,25,0.00611620795107034
1999,26,0.00407747196738023
1999,27,0.00441726129799524
1999,28,0.00441726129799524
1999,29,0.00271831464492015
1999,30,0.00305810397553517
1999,31,0.00305810397553517
1999,32,0.00305810397553517
1999,33,0.00203873598369011
1999,34,0.00169894665307509
1999,35,0.000679578661230038
1999,36,0.000339789330615019
1999,37,0.000339789330615019
1999,38,0
1999,39,0
1999,40,0
2000,0,0.0816550714024167
2000,1,0.0941047235444892
2000,2,0.0988648846576346
2000,3,0.0801904064445258
2000,4,0.0692054192603442
2000,5,0.0585865983156353
2000,6,0.047235444891981
2000,7,0.0468692786525082
2000,8,0.0391797876235811
2000,9,0.0399121201025265
2000,10,0.0454046136946174
2000,11,0.0300256316367631
2000,12,0.0303917978762358
2000,13,0.0281948004393995
2000,14,0.0278286341999268
2000,15,0.0230684730867814
2000,16,0.0245331380446723
2000,17,0.0230684730867814
2000,18,0.0172098132552179
2000,19,0.0142804833394361
2000,20,0.0161113145367997
2000,21,0.0102526547052362
2000,22,0.00915415598681802
2000,23,0.00659099231050897
2000,24,0.00768949102892713
2000,25,0.00549249359209081
2000,26,0.00366166239472721
2000,27,0.00256316367630904
2000,28,0.00256316367630904
2000,29,0.00292932991578176
2000,30,0.00329549615525449
2000,31,0.0018308311973636
2000,32,0.00219699743683632
2000,33,0.00109849871841816
2000,34,0.00292932991578176
2000,35,0.000732332478945441
2000,36,0
2000,37,0.000366166239472721
2000,38,0
2000,39,0
2000,40,0.000366166239472721
2001,0,0.0618336886993603
2001,1,0.0720682302771855
2001,2,0.0942430703624733
2001,3,0.0733475479744137
2001,4,0.0750533049040512
2001,5,0.0712153518123667
2001,6,0.0682302771855011
2001,7,0.0460554371002132
2001,8,0.0477611940298508
2001,9,0.0388059701492537
2001,10,0.0481876332622601
2001,11,0.0272921108742004
2001,12,0.0255863539445629
2001,13,0.026865671641791
2001,14,0.017910447761194
2001,15,0.0277185501066098
2001,16,0.0204690831556503
2001,17,0.0294243070362473
2001,18,0.0213219616204691
2001,19,0.0153518123667377
2001,20,0.0170575692963753
2001,21,0.0136460554371002
2001,22,0.0110874200426439
2001,23,0.0093816631130064
2001,24,0.00383795309168444
2001,25,0.00639658848614073
2001,26,0.00426439232409382
2001,27,0.00597014925373134
2001,28,0.00255863539445629
2001,29,0.00383795309168444
2001,30,0.00341151385927505
2001,31,0.00127931769722815
2001,32,0.00213219616204691
2001,33,0.00255863539445629
2001,34,0.000426439232409382
2001,35,0.00255863539445629
2001,36,0.000426439232409382
2001,37,0
2001,38,0.000426439232409382
2001,39,0
2001,40,0
2002,0,0.0497287522603978
2002,1,0.06374321880651
2002,2,0.069620253164557
2002,3,0.0664556962025316
2002,4,0.0705244122965642
2002,5,0.06374321880651
2002,6,0.0574141048824593
2002,7,0.0556057866184449
2002,8,0.0560578661844485
2002,9,0.0456600361663653
2002,10,0.0402350813743219
2002,11,0.0293851717902351
2002,12,0.0357142857142857
2002,13,0.027124773960217
2002,14,0.027124773960217
2002,15,0.0280289330922242
2002,16,0.0203435804701628
2002,17,0.0275768535262206
2002,18,0.0207956600361664
2002,19,0.02124773960217
2002,20,0.0180831826401447
2002,21,0.015370705244123
2002,22,0.0162748643761302
2002,23,0.0135623869801085
2002,24,0.00949367088607595
2002,25,0.00858951175406872
2002,26,0.0054249547920434
2002,27,0.00406871609403255
2002,28,0.00406871609403255
2002,29,0.00768535262206148
2002,30,0.00406871609403255
2002,31,0.0027124773960217
2002,32,0.00226039783001808
2002,33,0.0027124773960217
2002,34,0.00226039783001808
2002,35,0.000452079566003617
2002,36,0.00135623869801085
2002,37,0.000452079566003617
2002,38,0.00226039783001808
2002,39,0.000904159132007233
2002,40,0.000904159132007233
2003,0,0.0460807600950119
2003,1,0.065083135391924
2003,2,0.072209026128266
2003,3,0.0641330166270784
2003,4,0.0679334916864608
2003,5,0.0836104513064133
2003,6,0.0598574821852732
2003,7,0.0522565320665083
2003,8,0.0394299287410926
2003,9,0.0342042755344418
2003,10,0.0503562945368171
2003,11,0.033729216152019
2003,12,0.031353919239905
2003,13,0.0318289786223278
2003,14,0.0237529691211401
2003,15,0.0251781472684086
2003,16,0.0242280285035629
2003,17,0.0199524940617577
2003,18,0.028978622327791
2003,19,0.0199524940617577
2003,20,0.0180522565320665
2003,21,0.0147268408551069
2003,22,0.0133016627078385
2003,23,0.0114014251781473
2003,24,0.0118764845605701
2003,25,0.00902612826603325
2003,26,0.00522565320665083
2003,27,0.00665083135391924
2003,28,0.00332541567695962
2003,29,0.00190023752969121
2003,30,0.00522565320665083
2003,31,0.00237529691211401
2003,32,0.00570071258907364
2003,33,0.00427553444180523
2003,34,0.00475059382422803
2003,35,0.00190023752969121
2003,36,0.00142517814726841
2003,37,0.00190023752969121
2003,38,0.00190023752969121
2003,39,0.000475059382422803
2003,40,0.000475059382422803
2004,0,0.0388746803069054
2004,1,0.0552429667519182
2004,2,0.0654731457800511
2004,3,0.0664961636828645
2004,4,0.0634271099744246
2004,5,0.0618925831202046
2004,6,0.0659846547314578
2004,7,0.0547314578005115
2004,8,0.0583120204603581
2004,9,0.0465473145780051
2004,10,0.0480818414322251
2004,11,0.040920716112532
2004,12,0.0312020460358056
2004,13,0.0271099744245524
2004,14,0.0281329923273657
2004,15,0.0235294117647059
2004,16,0.0219948849104859
2004,17,0.0240409207161125
2004,18,0.0179028132992327
2004,19,0.0184143222506394
2004,20,0.0219948849104859
2004,21,0.0138107416879795
2004,22,0.0132992327365729
2004,23,0.0184143222506394
2004,24,0.0107416879795396
2004,25,0.0107416879795396
2004,26,0.00664961636828645
2004,27,0.00818414322250639
2004,28,0.00358056265984655
2004,29,0.0061381074168798
2004,30,0.00358056265984655
2004,31,0.0020460358056266
2004,32,0.0061381074168798
2004,33,0.0020460358056266
2004,34,0.00562659846547315
2004,35,0.00153452685421995
2004,36,0.00153452685421995
2004,37,0.0020460358056266
2004,38,0.0010230179028133
2004,39,0.00051150895140665
2004,40,0.0020460358056266
2005,0,0.0401057734684883
2005,1,0.0520052886734244
2005,2,0.0634640810929925
2005,3,0.0590568532393125
2005,4,0.0630233583076245
2005,5,0.0700749228735126
2005,6,0.0599382988100485
2005,7,0.0528867342441604
2005,8,0.0475980608197444
2005,9,0.0489202291758484
2005,10,0.0467166152490084
2005,11,0.0379021595416483
2005,12,0.0348171000440723
2005,13,0.0414279418245923
2005,14,0.0260026443367122
2005,15,0.0237990304098722
2005,16,0.0251211987659762
2005,17,0.0215954164830322
2005,18,0.0189510797708242
2005,19,0.0233583076245042
2005,20,0.0202732481269282
2005,21,0.0176289114147201
2005,22,0.0158660202732481
2005,23,0.0163067430586161
2005,24,0.0136624063464081
2005,25,0.0127809607756721
2005,26,0.00617011899515205
2005,27,0.00617011899515205
2005,28,0.00484795063904804
2005,29,0.00396650506831203
2005,30,0.00572939620978405
2005,31,0.00484795063904804
2005,32,0.00132216835610401
2005,33,0.00308505949757603
2005,34,0.00132216835610401
2005,35,0.00132216835610401
2005,36,0.000440722785368004
2005,37,0.000440722785368004
2005,38,0.00264433671220802
2005,39,0.00132216835610401
2005,40,0.000881445570736007
2006,0,0.043826380109566
2006,1,0.0484618626211547
2006,2,0.0606826801517067
2006,3,0.0501474926253687
2006,4,0.0594184576485461
2006,5,0.0547829751369574
2006,6,0.0611040876527602
2006,7,0.0585756426464391
2006,8,0.0484618626211547
2006,9,0.056047197640118
2006,10,0.0526759376316899
2006,11,0.0467762326169406
2006,12,0.0375052675937632
2006,13,0.0303413400758534
2006,14,0.0311841550779604
2006,15,0.0286557100716393
2006,16,0.0282343025705858
2006,17,0.0248630425621576
2006,18,0.0151706700379267
2006,19,0.0189633375474083
2006,20,0.0248630425621576
2006,21,0.0168563000421408
2006,22,0.0181205225453013
2006,23,0.0147492625368732
2006,24,0.0168563000421408
2006,25,0.00800674252001686
2006,26,0.00716392751790982
2006,27,0.00505689001264223
2006,28,0.00337126000842815
2006,29,0.00379266750948167
2006,30,0.00379266750948167
2006,31,0.00337126000842815
2006,32,0.00337126000842815
2006,33,0.00337126000842815
2006,34,0.00252844500632111
2006,35,0.00252844500632111
2006,36,0.000842815002107038
2006,37,0.00126422250316056
2006,38,0.000421407501053519
2006,39,0.000842815002107038
2006,40,0.000421407501053519
2007,0,0.0579992214869599
2007,1,0.0424289606850915
2007,2,0.0622810432074737
2007,3,0.0467107824056053
2007,4,0.0502140910860257
2007,5,0.0556636823666796
2007,6,0.0579992214869599
2007,7,0.0630595562475672
2007,8,0.0622810432074737
2007,9,0.0478785519657454
2007,10,0.0537173997664461
2007,11,0.0474892954456987
2007,12,0.0397041650447645
2007,13,0.0459322693655119
2007,14,0.0377578824445309
2007,15,0.0299727520435967
2007,16,0.0280264694433632
2007,17,0.0217983651226158
2007,18,0.0194628260023355
2007,19,0.020241339042429
2007,20,0.0124562086414947
2007,21,0.0108991825613079
2007,22,0.0108991825613079
2007,23,0.00973141300116777
2007,24,0.0132347216815882
2007,25,0.00973141300116777
2007,26,0.00778513040093422
2007,27,0.00194628260023355
2007,28,0.00583884780070066
2007,29,0.0035033086804204
2007,30,0.0035033086804204
2007,31,0.0035033086804204
2007,32,0.00311405216037369
2007,33,0.00155702608018684
2007,34,0.00272479564032698
2007,35,0.00233553912028026
2007,36,0.00155702608018684
2007,37,0.000778513040093422
2007,38,0.000778513040093422
2007,39,0
2007,40,0.00116776956014013
2008,0,0.0641373080397471
2008,1,0.0401987353206865
2008,2,0.0519421860885276
2008,3,0.0487804878048781
2008,4,0.0501355013550136
2008,5,0.0420054200542005
2008,6,0.0551038843721771
2008,7,0.044263775971093
2008,8,0.0596205962059621
2008,9,0.0492321589882566
2008,10,0.0600722673893406
2008,11,0.0505871725383921
2008,12,0.0438121047877146
2008,13,0.046070460704607
2008,14,0.02710027100271
2008,15,0.0275519421860885
2008,16,0.0275519421860885
2008,17,0.025293586269196
2008,18,0.0257452574525745
2008,19,0.01806684733514
2008,20,0.0185185185185185
2008,21,0.0140018066847335
2008,22,0.0158084914182475
2008,23,0.0149051490514905
2008,24,0.0149051490514905
2008,25,0.010840108401084
2008,26,0.0121951219512195
2008,27,0.00451671183378501
2008,28,0.00813008130081301
2008,29,0.00903342366757001
2008,30,0.003613369467028
2008,31,0.0022583559168925
2008,32,0.0031616982836495
2008,33,0.002710027100271
2008,34,0.000903342366757001
2008,35,0.0022583559168925
2008,36,0.000903342366757001
2008,37,0.000903342366757001
2008,38,0
2008,39,0.000451671183378501
2008,40,0.000903342366757001
2009,0,0.0458926112895824
2009,1,0.0536943552088114
2009,2,0.0555300596603947
2009,3,0.0523175768701239
2009,4,0.0371730151445617
2009,5,0.0582836163377696
2009,6,0.0458926112895824
2009,7,0.0454336851766866
2009,8,0.0394676457090408
2009,9,0.0435979807251033
2009,10,0.054612207434603
2009,11,0.0481872418540615
2009,12,0.0385497934832492
2009,13,0.0472693896282699
2009,14,0.04176227627352
2009,15,0.0335016062413951
2009,16,0.0256998623221661
2009,17,0.0238641578705828
2009,18,0.0252409362092703
2009,19,0.0256998623221661
2009,20,0.023405231757687
2009,21,0.0137677833868747
2009,22,0.0142267094997705
2009,23,0.0114731528223956
2009,24,0.0137677833868747
2009,25,0.0105553005966039
2009,26,0.0169802661771455
2009,27,0.0110142267094998
2009,28,0.0114731528223956
2009,29,0.00504818724185406
2009,30,0.00413033501606241
2009,31,0.0018357044515833
2009,32,0.00413033501606241
2009,33,0.00137677833868747
2009,34,0.00413033501606241
2009,35,0.00137677833868747
2009,36,0.0018357044515833
2009,37,0.0018357044515833
2009,38,0.0018357044515833
2009,39,0.000458926112895824
2009,40,0.000458926112895824
2010,0,0.053935860058309
2010,1,0.0524781341107872
2010,2,0.0519922254616132
2010,3,0.0388726919339164
2010,4,0.0335276967930029
2010,5,0.0383867832847425
2010,6,0.0379008746355685
2010,7,0.0349854227405248
2010,8,0.0461613216715258
2010,9,0.0388726919339164
2010,10,0.0490767735665695
2010,11,0.0510204081632653
2010,12,0.0485908649173955
2010,13,0.0524781341107872
2010,14,0.0451895043731778
2010,15,0.0383867832847425
2010,16,0.0393586005830904
2010,17,0.0291545189504373
2010,18,0.033041788143829
2010,19,0.021865889212828
2010,20,0.0228377065111759
2010,21,0.0170068027210884
2010,22,0.0145772594752187
2010,23,0.0131195335276968
2010,24,0.0136054421768707
2010,25,0.00923226433430515
2010,26,0.00971817298347911
2010,27,0.00971817298347911
2010,28,0.0116618075801749
2010,29,0.00534499514091351
2010,30,0.0087463556851312
2010,31,0.00728862973760933
2010,32,0.00631681243926142
2010,33,0.00388726919339164
2010,34,0.00194363459669582
2010,35,0
2010,36,0.000485908649173955
2010,37,0.000971817298347911
2010,38,0.00194363459669582
2010,39,0.00291545189504373
2010,40,0.000971817298347911
2011,0,0.0403744880046811
2011,1,0.0380339379754242
2011,2,0.0409596255119953
2011,3,0.0380339379754242
2011,4,0.0450555880631949
2011,5,0.0403744880046811
2011,6,0.042715038033938
2011,7,0.0403744880046811
2011,8,0.0327677004095963
2011,9,0.0403744880046811
2011,10,0.0444704505558806
2011,11,0.0491515506143944
2011,12,0.0468110005851375
2011,13,0.056173200702165
2011,14,0.0520772381509655
2011,15,0.0456407255705091
2011,16,0.0368636629607958
2011,17,0.0368636629607958
2011,18,0.032182562902282
2011,19,0.0310122878876536
2011,20,0.0280866003510825
2011,21,0.0210649502633119
2011,22,0.0157987126974839
2011,23,0.0146284376828555
2011,24,0.0146284376828555
2011,25,0.00994733762434172
2011,26,0.00877706260971328
2011,27,0.00702165008777063
2011,28,0.0093622001170275
2011,29,0.00819192510239907
2011,30,0.00877706260971328
2011,31,0.00351082504388531
2011,32,0.00409596255119953
2011,33,0.00468110005851375
2011,34,0.00175541252194266
2011,35,0.00292568753657109
2011,36,0.000585137507314219
2011,37,0
2011,38,0.000585137507314219
2011,39,0
2011,40,0.00117027501462844
2012,0,0.049400479616307
2012,1,0.0513189448441247
2012,2,0.0575539568345324
2012,3,0.0359712230215827
2012,4,0.0398081534772182
2012,5,0.0422062350119904
2012,6,0.0364508393285372
2012,7,0.0402877697841727
2012,8,0.034052757793765
2012,9,0.0287769784172662
2012,10,0.0426858513189448
2012,11,0.045083932853717
2012,12,0.0522781774580336
2012,13,0.0369304556354916
2012,14,0.041726618705036
2012,15,0.0412470023980815
2012,16,0.037410071942446
2012,17,0.0369304556354916
2012,18,0.0316546762589928
2012,19,0.0330935251798561
2012,20,0.0297362110311751
2012,21,0.0215827338129496
2012,22,0.0177458033573141
2012,23,0.0163069544364508
2012,24,0.0119904076738609
2012,25,0.00911270983213429
2012,26,0.0105515587529976
2012,27,0.0105515587529976
2012,28,0.00863309352517986
2012,29,0.00671462829736211
2012,30,0.0100719424460432
2012,31,0.00671462829736211
2012,32,0.00383693045563549
2012,33,0.00671462829736211
2012,34,0.00431654676258993
2012,35,0.00191846522781775
2012,36,0.00191846522781775
2012,37,0.00143884892086331
2012,38,0.00239808153477218
2012,39,0.000479616306954437
2012,40,0.000479616306954437
2013,0,0.0417840375586855
2013,1,0.0446009389671362
2013,2,0.0347417840375587
2013,3,0.0323943661971831
2013,4,0.028169014084507
2013,5,0.0366197183098592
2013,6,0.0370892018779343
2013,7,0.0305164319248826
2013,8,0.0323943661971831
2013,9,0.0347417840375587
2013,10,0.0305164319248826
2013,11,0.0333333333333333
2013,12,0.0436619718309859
2013,13,0.052112676056338
2013,14,0.0450704225352113
2013,15,0.0568075117370892
2013,16,0.0464788732394366
2013,17,0.0417840375586855
2013,18,0.0380281690140845
2013,19,0.0328638497652582
2013,20,0.036150234741784
2013,21,0.028169014084507
2013,22,0.0262910798122066
2013,23,0.0197183098591549
2013,24,0.0136150234741784
2013,25,0.0154929577464789
2013,26,0.0136150234741784
2013,27,0.00892018779342723
2013,28,0.00985915492957747
2013,29,0.0103286384976526
2013,30,0.00610328638497653
2013,31,0.00845070422535211
2013,32,0.0028169014084507
2013,33,0.00610328638497653
2013,34,0.00469483568075117
2013,35,0.00516431924882629
2013,36,0.00187793427230047
2013,37,0.00187793427230047
2013,38,0.000469483568075117
2013,39,0.00187793427230047
2013,40,0.000938967136150235
2014,0,0.029799706888129
2014,1,0.0376160234489497
2014,2,0.0390815828041036
2014,3,0.0376160234489497
2014,4,0.0327308255984367
2014,5,0.029799706888129
2014,6,0.0351734245236932
2014,7,0.0302882266731803
2014,8,0.0351734245236932
2014,9,0.0229604298974108
2014,10,0.0444553004396678
2014,11,0.0346849047386419
2014,12,0.0346849047386419
2014,13,0.0302882266731803
2014,14,0.0522716170004885
2014,15,0.0473864191499756
2014,16,0.0400586223742062
2014,17,0.0385930630190523
2014,18,0.0390815828041036
2014,19,0.0366389838788471
2014,20,0.0337078651685393
2014,21,0.0366389838788471
2014,22,0.0244259892525647
2014,23,0.0283341475329751
2014,24,0.0185637518319492
2014,25,0.0219833903273083
2014,26,0.0127015144113337
2014,27,0.0112359550561798
2014,28,0.0122129946262824
2014,29,0.013190034196385
2014,30,0.0107474352711285
2014,31,0.00732779677576942
2014,32,0.0102589154860772
2014,33,0.00732779677576942
2014,34,0.00586223742061554
2014,35,0.00390815828041036
2014,36,0.00341963849535906
2014,37,0.00195407914020518
2014,38,0.00195407914020518
2014,39,0
2014,40,0.00146555935515388
2015,0,0.0336538461538462
2015,1,0.0357905982905983
2015,2,0.0448717948717949
2015,3,0.031517094017094
2015,4,0.0299145299145299
2015,5,0.0245726495726496
2015,6,0.0240384615384615
2015,7,0.0320512820512821
2015,8,0.0320512820512821
2015,9,0.0325854700854701
2015,10,0.0368589743589744
2015,11,0.0299145299145299
2015,12,0.0379273504273504
2015,13,0.0395299145299145
2015,14,0.0416666666666667
2015,15,0.0416666666666667
2015,16,0.0427350427350427
2015,17,0.0416666666666667
2015,18,0.0352564102564103
2015,19,0.0373931623931624
2015,20,0.0389957264957265
2015,21,0.0336538461538462
2015,22,0.030982905982906
2015,23,0.0245726495726496
2015,24,0.0256410256410256
2015,25,0.0197649572649573
2015,26,0.0186965811965812
2015,27,0.00908119658119658
2015,28,0.0112179487179487
2015,29,0.00801282051282051
2015,30,0.015491452991453
2015,31,0.00801282051282051
2015,32,0.0122863247863248
2015,33,0.00587606837606838
2015,34,0.00801282051282051
2015,35,0.00373931623931624
2015,36,0.00320512820512821
2015,37,0.00213675213675214
2015,38,0.00480769230769231
2015,39,0.00106837606837607
2015,40,0.00320512820512821
2016,0,0.0288865546218487
2016,1,0.0294117647058824
2016,2,0.032563025210084
2016,3,0.0362394957983193
2016,4,0.0273109243697479
2016,5,0.0194327731092437
2016,6,0.0262605042016807
2016,7,0.0236344537815126
2016,8,0.0341386554621849
2016,9,0.0273109243697479
2016,10,0.0409663865546218
2016,11,0.0246848739495798
2016,12,0.0399159663865546
2016,13,0.0320378151260504
2016,14,0.0267857142857143
2016,15,0.0483193277310924
2016,16,0.0472689075630252
2016,17,0.0315126050420168
2016,18,0.0477941176470588
2016,19,0.0456932773109244
2016,20,0.0446428571428571
2016,21,0.0372899159663866
2016,22,0.0294117647058824
2016,23,0.0294117647058824
2016,24,0.0288865546218487
2016,25,0.0283613445378151
2016,26,0.0210084033613445
2016,27,0.013655462184874
2016,28,0.00945378151260504
2016,29,0.0120798319327731
2016,30,0.0152310924369748
2016,31,0.0120798319327731
2016,32,0.00945378151260504
2016,33,0.00630252100840336
2016,34,0.00682773109243698
2016,35,0.00630252100840336
2016,36,0.00630252100840336
2016,37,0.00105042016806723
2016,38,0.00525210084033613
2016,39,0.00262605042016807
2016,40,0.00105042016806723
2017,0,0.0396648044692737
2017,1,0.0240223463687151
2017,2,0.0307262569832402
2017,3,0.0284916201117318
2017,4,0.0251396648044693
2017,5,0.0301675977653631
2017,6,0.0284916201117318
2017,7,0.0273743016759777
2017,8,0.0273743016759777
2017,9,0.0262569832402235
2017,10,0.0379888268156425
2017,11,0.029608938547486
2017,12,0.023463687150838
2017,13,0.0245810055865922
2017,14,0.0446927374301676
2017,15,0.0357541899441341
2017,16,0.0391061452513967
2017,17,0.0480446927374302
2017,18,0.0346368715083799
2017,19,0.0379888268156425
2017,20,0.0446927374301676
2017,21,0.0418994413407821
2017,22,0.0340782122905028
2017,23,0.0340782122905028
2017,24,0.0256983240223464
2017,25,0.0256983240223464
2017,26,0.0162011173184358
2017,27,0.0184357541899441
2017,28,0.011731843575419
2017,29,0.0128491620111732
2017,30,0.0195530726256983
2017,31,0.0100558659217877
2017,32,0.00949720670391062
2017,33,0.0100558659217877
2017,34,0.00726256983240224
2017,35,0.00502793296089386
2017,36,0.00614525139664804
2017,37,0.00391061452513967
2017,38,0.00502793296089386
2017,39,0.00223463687150838
2017,40,0.00279329608938548
2018,0,0.0311995696611081
2018,1,0.0371167294244217
2018,2,0.0338891877353416
2018,3,0.029585798816568
2018,4,0.0220548682087144
2018,5,0.0306616460462614
2018,6,0.0258203335126412
2018,7,0.0236686390532544
2018,8,0.0263582571274879
2018,9,0.0274341043571813
2018,10,0.034965034965035
2018,11,0.0301237224314147
2018,12,0.029585798816568
2018,13,0.0204410973641743
2018,14,0.0306616460462614
2018,15,0.0338891877353416
2018,16,0.0387305002689618
2018,17,0.0381925766541151
2018,18,0.0414201183431953
2018,19,0.0355029585798817
2018,20,0.0467993544916622
2018,21,0.0473372781065089
2018,22,0.0333512641204949
2018,23,0.034965034965035
2018,24,0.0258203335126412
2018,25,0.029585798816568
2018,26,0.0199031737493276
2018,27,0.0199031737493276
2018,28,0.0193652501344809
2018,29,0.0172135556750941
2018,30,0.0107584722969338
2018,31,0.00806885422270038
2018,32,0.0134480903711673
2018,33,0.00968262506724045
2018,34,0.0102205486820871
2018,35,0.00484131253362023
2018,36,0.00430338891877353
2018,37,0.0064550833781603
2018,38,0.0064550833781603
2018,39,0.00215169445938677
2018,40,0.00107584722969338
2019,0,0.0423387096774194
2019,1,0.047883064516129
2019,2,0.0297379032258065
2019,3,0.0241935483870968
2019,4,0.0262096774193548
2019,5,0.0287298387096774
2019,6,0.0211693548387097
2019,7,0.0216733870967742
2019,8,0.0241935483870968
2019,9,0.0176411290322581
2019,10,0.0357862903225807
2019,11,0.0327620967741935
2019,12,0.0267137096774194
2019,13,0.0252016129032258
2019,14,0.0347782258064516
2019,15,0.0221774193548387
2019,16,0.0317540322580645
2019,17,0.0347782258064516
2019,18,0.0383064516129032
2019,19,0.0423387096774194
2019,20,0.0483870967741936
2019,21,0.0337701612903226
2019,22,0.0433467741935484
2019,23,0.0393145161290323
2019,24,0.030241935483871
2019,25,0.0297379032258065
2019,26,0.0211693548387097
2019,27,0.0141129032258065
2019,28,0.0171370967741935
2019,29,0.0196572580645161
2019,30,0.0186491935483871
2019,31,0.0110887096774194
2019,32,0.00705645161290323
2019,33,0.00705645161290323
2019,34,0.00806451612903226
2019,35,0.00856854838709677
2019,36,0.00604838709677419
2019,37,0.00655241935483871
2019,38,0.00604838709677419
2019,39,0.00201612903225806
2019,40,0.00453629032258065
